,Text,Latitude,Longitude,Sentiment,label,clase,Estado
667871,"Amo con locura #TheHandmaidsTale, pero me cuesta trabajo hacer un marat√≥n de la serie porque cada episodio es m√°s intenso, cruel y depresivo que el pasado. Necesito respirar despu√©s de verla y poner algo m√°s agradable. ¬øUstedes pueden? https://t.co/MFZDcIyFFn",19.380613,-99.1614805,positivo,0,No Depresi√≥n,Ciudad de M√©xico
288243,"Ya llegu√© m√°s mojado de lo que esperaba (@ La Casa Del Corregidor in Cuauht√©moc, D.f.) https://t.co/dzERO5RvFJ https://t.co/H6YGesSo9D",19.42913353,-99.13144549,positivo,0,No Depresi√≥n,Ciudad de M√©xico
492639,#adopta #CDMX bello CLYDE por favor RT @sebuscaCdMx @lalovillarp @clannak @happymeanbunny @UribeMerle @SylviaPasquel @lolacortesreal @ReginaOrozco @koncientizando @BRIMENDEZLM @lagateria @GATITOSTLATE @proyectoGatto https://t.co/ZONMru5C94,19.4320755,-99.087817,neutro,0,No Depresi√≥n,Ciudad de M√©xico
659682,telcelmexicocitymarathon #entregadekits #ejercitomexicano #mexico üá≤üáΩ en Aut√≥dromo Hnos. Rodr√≠guez https://t.co/w28qFEG0lt,19.40475893,-99.09189489,positivo,0,No Depresi√≥n,Ciudad de M√©xico
361402,"Hay una semana que veo a mis besties, y otra semana no. Esta semana los veo y estoy algo impaciente y ansioso por verles üò´üôÉüòç",19.44950867,-99.0591853,positivo,0,No Depresi√≥n,Ciudad de M√©xico
298616,"Porque ya hace hambre!! (@ Pancita Lindo Michoacan in Mexico City, DF) https://t.co/2S4Qjn5R7l",19.38045553,-99.14982963,positivo,1,Depresi√≥n,Ciudad de M√©xico
341201,No tengo perd√≥n de Dios üôà en The FIFTH https://t.co/21qxuJvx6w,19.44276,-99.09199,neutro,0,No Depresi√≥n,Ciudad de M√©xico
636404,@Otronomas Pedimos a @UCS_CDMX corregir situaci√≥n de  sem√°foros con apoyo del √°rea t√©cnica de Tr√°nsito. Buena noche.,19.432836,-99.153366,positivo,0,No Depresi√≥n,Ciudad de M√©xico
469256,"Y por lo visto, la c√°bula (que ahora llaman bullying), tampoco.",19.380613,-99.1614805,neutro,0,No Depresi√≥n,Ciudad de M√©xico
334089,"El Barcelona y sus eternos problemas defensivos, ah pero en el mediocampo y en la delantera escupen jugadores.",19.318042,-99.2480095,positivo,0,No Depresi√≥n,Ciudad de M√©xico
14499,"Yo pensaba justo en aquellos que enfrentamos alg√∫n problema para estudiar, el desmadre y la depresi√≥n que entra al saber que estudiar en el extranjero involucra una suma importante de dinero, siempre he notado la divisi√≥n de clases...",19.380613,-99.1614805,negativo,0,No Depresi√≥n,Ciudad de M√©xico
219488,hola feliz mi√©rcoles üëÖ https://t.co/KKcWYZmd4A,19.380613,-99.1614805,positivo,1,Depresi√≥n,Ciudad de M√©xico
672666,@NenaLin402 Qu√© l√≠ndas tetas y los botones puedo probar,19.318042,-99.2480095,positivo,0,No Depresi√≥n,Ciudad de M√©xico
823039,@_paosalomon mejor como lay√∫n,19.4299345,-99.2115105,positivo,1,Depresi√≥n,Ciudad de M√©xico
464169,"‚ÄúLanza tus sue√±os al espacio como una cometa y no sabes lo que te devolver√°n: una nueva vida, un nuevo amigo, un nuevo amor, un nuevo pa√≠s‚Äù. Ana√Øs Nin",19.380613,-99.1614805,positivo,1,Depresi√≥n,Ciudad de M√©xico
687487,"‚úåüèºü§§ (@ La Casa de To√±o in Ciudad de M√©xico, CDMX) https://t.co/3mT1Y8XYk6",19.43376963,-99.14296796,positivo,0,No Depresi√≥n,Ciudad de M√©xico
611945,As√≠ que no nada m√°s es uno!! @BimboMx  @gansitomarinela,19.328383,-99.15234,positivo,0,No Depresi√≥n,Ciudad de M√©xico
262144,"#publicidad #repost todoenmexico1 Tienes que probar est pasta con trufa servida en #pancampesino de atipico.mexico  #atipico #polanquito en Mexico City, Mexico https://t.co/LTzezvcdds",19.4326,-99.1332,positivo,0,No Depresi√≥n,Ciudad de M√©xico
756833,Que me echen otros 42 k #bit√°coradeunforastero #bit√°coradeunviajero #mexico #maraton #maratoncdmx #maratoncdmxtelcel #42k #cd #mexicocitydf #mexicocity #postalesurbanas #iger #igers‚Ä¶ https://t.co/zPs8UeTqdp,19.331928,-99.192106,positivo,0,No Depresi√≥n,Ciudad de M√©xico
82857,@jczentella Para quienes tenemos un cr√©dito de Infonavit nos es importante y necesario sean revisados los altos inter√©ses que tenemos que pagar con cada ajuste que se hace al inicio de cada a√±o,19.4299345,-99.2115105,neutro,0,No Depresi√≥n,Ciudad de M√©xico
142315,@leslypedrodp69 Soy de la CDMX me llamo Aldo,19.432836,-99.153366,positivo,0,No Depresi√≥n,Ciudad de M√©xico
664215,Solicita ya en tu estaci√≥n de radio favorita el tema  nuevo de @julionalvarez ySNB #TeLoEstoyAfirmando  @LasChiquitasJA @EEnrique_F @newsmedialatino @chikitaluu @angelesmendozap @chicuela https://t.co/els8Xzkj1s,19.3427885,-99.050461,positivo,0,No Depresi√≥n,Ciudad de M√©xico
192487,"Al derecho y al rev√©s, siempre pienso en ti....!!!. . . . #somosfelices #amorverdadero #amoaminovia  #parejafeliz  #minoviaeslamejor  #amoaminovia en Mexico City, Mexico https://t.co/Q9SJi4amR2",19.4326,-99.1332,positivo,0,No Depresi√≥n,Ciudad de M√©xico
168091,"@DTlalpan @SacmexCDMX  urge suministro de agua Col. El Mirador, Tlalpan",19.199485,-99.208364,neutro,1,Depresi√≥n,Ciudad de M√©xico
17338,#Poderoso ahora entiendo por que le gusta el leguet√≥n a Ddulo üòÜüòÜüòÜ no se enoje estimado @ruleiro Saludos al #TeamPatas üòõ https://t.co/71ieqzTV71,19.432836,-99.153366,positivo,0,No Depresi√≥n,Ciudad de M√©xico
812044,@ExpansionMx Ser√° con los n√∫meros ???‚ÄºÔ∏è,19.380613,-99.1614805,positivo,0,No Depresi√≥n,Ciudad de M√©xico
617046,#FelizMi√©rcoles a todas y todos ! Recuerden que la base del √©xito es la perseverancia üí™üèº,19.328383,-99.15234,positivo,0,No Depresi√≥n,Ciudad de M√©xico
405678,"INTERPOL (@ Teatro de la Ciudad  Esperanza Iris  for Interpol in Cuauht√©moc, Mexico City, DF, Ciudad de M√©xico w/ @alxsavage) https://t.co/G6DX92DEFn",19.43652696,-99.13734875,positivo,1,Depresi√≥n,Ciudad de M√©xico
591466,@TenguOficial solo puedo dar un like  pero me encanto,19.380613,-99.1614805,positivo,0,No Depresi√≥n,Ciudad de M√©xico
488783,"Ser√° que @CH14_  est√° en drogas? O peor a√∫n, anda en cursos de superaci√≥n personal?",19.328383,-99.15234,negativo,0,No Depresi√≥n,Ciudad de M√©xico
334536,"Volcadura en Carretera Federal M√©xico Cuernavaca, colonia San Andr√©s Totoltepec, acuden bomberos de la Estaci√≥n Tlalpan. Ceda el paso a las unidades de emergencia.                     #JefeVulcano.                              #BOMBEROSCDMX",19.4320755,-99.087817,positivo,0,No Depresi√≥n,Ciudad de M√©xico
17,"I'm at Commercium copilco in Pueblo de Los Reyes, Copilco https://t.co/k0da5uXpXV",19.33524214,-99.157632,positivo,0,No Depresi√≥n,Ciudad de M√©xico
670923,"El PRI s√≠ calumni√≥ a Nestora Salgado y tendr√° que pagarle 443 mil pesos, resuelve el Tribunal Electoral https://t.co/w1UWeFW68T",19.380613,-99.1614805,negativo,0,No Depresi√≥n,Ciudad de M√©xico
207799,No busques problemas donde no los hay...,19.4299345,-99.2115105,neutro,0,No Depresi√≥n,Ciudad de M√©xico
653607,"@Badumann @danielpinera Aunque, las de esta casa...  Las pago yo. https://t.co/QJYx5NRrNB",19.4299345,-99.2115105,positivo,0,No Depresi√≥n,Ciudad de M√©xico
846810,"Siempre uso la conjugaci√≥n de la palabra perico para referirme a hablar/hablar mucho.   Ejemplo: no paraba de periquear. D√≠cese que no dejaba de hablar.   Pero en la cabeza de la gente, escuchan... https://t.co/r7WJKRV5oq",19.432836,-99.153366,negativo,0,No Depresi√≥n,Ciudad de M√©xico
221171,Me siento como si me hibieran desahuciado...,19.2362445,-99.08179,negativo,0,No Depresi√≥n,Ciudad de M√©xico
69074,"Llegando al fin... (@ Pueblo Santa Fe in M√©xico, D.F.) https://t.co/Gy62Jt5d52",19.38210485,-99.23645163,positivo,0,No Depresi√≥n,Ciudad de M√©xico
232122,"@Barbara_106 Muchas felicidades, espero que te la hayas pasado excelente en tu cumplea√±os. Saludos #HazteunParo",19.3427885,-99.050461,positivo,0,No Depresi√≥n,Ciudad de M√©xico
736510,Si t√∫ me miras yo me convierto en un rey azul üëëüé©,19.199485,-99.208364,positivo,0,No Depresi√≥n,Ciudad de M√©xico
201245,@robles_oscar ¬øcorres ma√±ana?   Ccp @aikher08 @pacopanto @Enrique522337,19.328383,-99.15234,neutro,0,No Depresi√≥n,Ciudad de M√©xico
506286,Dn Brozo me extra√±a que ande Ud. por las masmorras de la ignor... Ud tan culto y enterado... de los devenires geopol√≠ticos y estrat√©gicos...,19.199485,-99.208364,negativo,0,No Depresi√≥n,Ciudad de M√©xico
741237,"Tengo una mano lastimada porque me enterre un vidrio roto de una botella y la otra por un tornillo, no s√© c√≥mo :(",19.328383,-99.15234,negativo,0,No Depresi√≥n,Ciudad de M√©xico
625280,@Ozereph @mr_flintstone_1 Tambi√©n a usted joven. Har√© algo as√≠ como una reuni√≥n de viernes pero con manteconchas y pl√°ticas de se√±oras. Igual y hasta les vendo @tupperware,19.318697,-99.3055805,positivo,1,Depresi√≥n,Ciudad de M√©xico
3209,"I'm at Perfect Body in Ciudad de M√©xico, CDMX https://t.co/FDl8oYPK2w",19.3105513,-99.12797471,positivo,0,No Depresi√≥n,Ciudad de M√©xico
349813,Si supieras cu√°nto me dueles..,19.4320755,-99.087817,negativo,0,No Depresi√≥n,Ciudad de M√©xico
461136,M√©xico da la vuelta al marcador y derrota a Australia en su debut. #LittleLeagueWorldSeries ‚öæÔ∏è  M√©xico 3 - 2 Australia https://t.co/Cgqi50eWqU,19.380613,-99.1614805,positivo,0,No Depresi√≥n,Ciudad de M√©xico
855939,@blidt Las venden... en la Coste√±a,19.4299345,-99.2115105,neutro,0,No Depresi√≥n,Ciudad de M√©xico
434728,"No segu√≠a al distinguido caballero, pero hace un par de d√≠as vi tuits suyos con evidentes tuits falsificados de gente de Morena y pues, m√±eh üôÑ https://t.co/cG9tA2eR2y",19.4857835,-99.182126,neutro,1,Depresi√≥n,Ciudad de M√©xico
769083,"Por favor, det√©nlo desde tu curul. Por eso tach√© el nombre de Gerardo Fern√°ndez Noro√±a en la boleta, para que fueras Diputado y sirvieran de contrapeso a #Pejetustra.",19.380613,-99.1614805,negativo,0,No Depresi√≥n,Ciudad de M√©xico
298112,Madurez nivel: So√±√© con gatitos ronrroneadores :3,19.4299345,-99.2115105,positivo,1,Depresi√≥n,Ciudad de M√©xico
3589,@U2ero @lopezobrador_ O sea que no se les consulte pero que si se gaste su dinero ?  Total que se enteren ya cuando no lo puedan recuperar ¬ø verdad ?,19.432836,-99.153366,neutro,0,No Depresi√≥n,Ciudad de M√©xico
433798,Mira @ClaudiaMorgadoV esta es la cuenta de @PaulinaDeIaMora,19.380613,-99.1614805,positivo,0,No Depresi√≥n,Ciudad de M√©xico
184191,Platicaba en la ma√±ana y me ve√≠a sorprendida mi mam√° cuando le dec√≠a que la √∫nica soluci√≥n que puede pretender resolver los problemas del calentamiento global es que la humanidad no tenga hijos los pr√≥ximos 15 a√±os...,19.328383,-99.15234,positivo,0,No Depresi√≥n,Ciudad de M√©xico
388843,"Previo a una #entrevista que puede ser productiva. Buscar opciones debe ser el sello #profesional del siglo XXI, pues el #√©xito es de se tiene que salir a buscar. #PragetCoach https://t.co/jhcau9yd0S",19.199485,-99.208364,positivo,0,No Depresi√≥n,Ciudad de M√©xico
812343,"@Patriciomonero @emilozrod @boell_MXCA Felicidades monero!! Oye, cu√°l de los 3 eres t√∫? Perd√≥n por la broma.",19.4857835,-99.182126,positivo,1,Depresi√≥n,Ciudad de M√©xico
32570,Ah√≠ la llevan mis @OlmecasTabasco gan√°ndole a los @DiablosRojosMX ‚öæ‚öæ‚öæ ma√±ana no me los pierdo en el Fray Nano üòçüòçüòç,19.328383,-99.15234,positivo,0,No Depresi√≥n,Ciudad de M√©xico
400409,Algo de lo mejor menos las canciones de la se√±ora @yuri se va espantar de la serie jaja,19.4299345,-99.2115105,positivo,0,No Depresi√≥n,Ciudad de M√©xico
348774,@vision6913 En @corazondemaguey en Coyoac√°n,19.318042,-99.2480095,neutro,0,No Depresi√≥n,Ciudad de M√©xico
790352,Casual te coge sin piedad a la m√≠nima provocaci√≥n y luego te manda mensajito de ‚Äúbest friends‚Äù JAJAJAJAJAJAJA NO SEAS MAM√ìN.,19.328383,-99.15234,positivo,0,No Depresi√≥n,Ciudad de M√©xico
190290,@amnesiackid Me fui a MTY la semana pasada jeje üòé,19.4299345,-99.2115105,positivo,0,No Depresi√≥n,Ciudad de M√©xico
754784,"@Subpoeta Pero si desaparece, cualquier patr√≥n determinar√° cuanto te paga por hora, creo que ser√≠a conveniente que en verdad sea aut√≥noma a cualquier inter√©s comercial y pol√≠tico.",19.318042,-99.2480095,negativo,0,No Depresi√≥n,Ciudad de M√©xico
96929,Acaba de publicar una foto en √Ångel de la Independencia https://t.co/QKcjUMqz9o,19.42724074,-99.16711792,positivo,0,No Depresi√≥n,Ciudad de M√©xico
96309,"- A nuestros futuros amigos les voy a contar que cuando te emputabas, quitabas tu foto de WhatsApp y dabas de baja tu Facebook 1 a√±o ü§î #Pasi√≥nyOrgullo",19.318042,-99.2480095,negativo,1,Depresi√≥n,Ciudad de M√©xico
868363,"ü§ìüìäüìà (@ Bolsa Mexicana de Valores - @bmvmercados in Mexico City, DF) https://t.co/07q9nVPS4j",19.4295035,-99.16414302,positivo,0,No Depresi√≥n,Ciudad de M√©xico
646916,"@javieraparicio Discutir? No tiene caso, a la prensa fif√≠ nada le va a gustar. Para eso les pagan.",19.4857835,-99.182126,negativo,1,Depresi√≥n,Ciudad de M√©xico
374769,üòÑ Lyla tiene una nueva cobijita! üòÇ https://t.co/8DKjtknrkv,19.318042,-99.2480095,positivo,0,No Depresi√≥n,Ciudad de M√©xico
741733,"#meximoron concluye hoy su primer fase de exhibici√≥n.  Reanuda actividades pronto con nuevas pl√°ticas y talleres alrededor de los temas de intervenci√≥n, soberan√≠a, frontera y migraci√≥n.  Aprovechen a verla en el @museointervenciones Hoy domingo entrada libre hasta las 18:00 hrs. https://t.co/e1gQO9RjQh",19.35459,-99.148753,positivo,1,Depresi√≥n,Ciudad de M√©xico
316007,"La neta no, no me gustas y dudo much√≠simo que pueda pasar en el futuro...",19.4320755,-99.087817,negativo,0,No Depresi√≥n,Ciudad de M√©xico
478052,"INACIPE (@ Instituto Nacional de Ciencias Penales in Tlalpan, Distrito Federal) https://t.co/9C14LZZ9Ft https://t.co/4gD4yKEXMe",19.2865233,-99.16570137,positivo,0,No Depresi√≥n,Ciudad de M√©xico
30819,"@ric_cowboys Sim√≥n, y te hacen correr como keniano.",19.4299345,-99.2115105,positivo,0,No Depresi√≥n,Ciudad de M√©xico
200531,"#SiMeDicenNoVengo  A Dios lo que es de Dios, y al Cesar lo que es del Cesar!!!",19.380613,-99.1614805,positivo,0,No Depresi√≥n,Ciudad de M√©xico
631919,@RichRuiz_ S√≠ te lo juro! En Polanco yo s√≠ lo sent√≠ üòì,19.4299345,-99.2115105,positivo,0,No Depresi√≥n,Ciudad de M√©xico
405279,"Ya no recuerdes el ayer, no pienses m√°s en las cosas del pasado.  Dios va a hacer algo nuevo en tiüôèüòçüôå",19.4299345,-99.2115105,positivo,0,No Depresi√≥n,Ciudad de M√©xico
48864,Cambiar la estructura de la filantrop√≠a #arteparaelmundo #FITSmex #Sexy #Comunicaci√≥n #2agosto,19.432836,-99.153366,positivo,0,No Depresi√≥n,Ciudad de M√©xico
278810,"#ACPTnota   AMBROS√çA: La analog√≠a entre pa√≠ses ricos con los pa√≠ses pobres   Ambros√≠a es una cr√≠tica a un sector de la sociedad, a los ricos; es la analog√≠a existente entre pa√≠ses ricos con los pa√≠ses pobres.  Checa la nota por Roberto Sosa L√≥pez  ‚óªhttps://t.co/HlDEOm8v9K https://t.co/EX8dcakibL",19.432836,-99.153366,positivo,1,Depresi√≥n,Ciudad de M√©xico
800076,"#Precauci√≥nVial por volcadura en carriles centrales de Av. R√≠o Churubusco a la altura de Aries, Col. Prado Churubusco, servicios de emergencia acuden al lugar.",19.432836,-99.153366,neutro,0,No Depresi√≥n,Ciudad de M√©xico
214649,"Los esperamos en centro hist√≥rico, Hamburgo y N√°poles !!!",19.3427885,-99.050461,positivo,1,Depresi√≥n,Ciudad de M√©xico
775838,"Ya se puso bien darks el Corona, oyes",19.432836,-99.153366,positivo,0,No Depresi√≥n,Ciudad de M√©xico
123563,"Puedes repetir el servicio social , pero no puedes repetir un viaje. - Yo mand√°ndo a la chingada lo de la escuela por unas vacaciones que ni merecia jajajajajajajajaja",19.318042,-99.2480095,negativo,0,No Depresi√≥n,Ciudad de M√©xico
462002,"Se registra ligera lluvia en Insurgentes y San Cosme, conduzca con cuidado. https://t.co/gHuB5BoeXl",19.432836,-99.153366,neutro,0,No Depresi√≥n,Ciudad de M√©xico
137549,"Y en efecto, mi novio es el mejor novio del mundo.  De verdad el mejor ‚ù§Ô∏è‚ù§Ô∏è‚ù§Ô∏è",19.2755645,-99.2645265,positivo,0,No Depresi√≥n,Ciudad de M√©xico
67912,@elmantis @Timburgera Doble o nada üòâ,19.4299345,-99.2115105,neutro,0,No Depresi√≥n,Ciudad de M√©xico
685093,"#NoMamenMilenials ahora resulta que para que tengan un sano desarrollo deben comer todo org√°nico sino corren peligro de muerte, o sea nosotros com√≠amos hasta üéÇ de lodo y gozamos de excelente salud!!",19.4299345,-99.2115105,negativo,1,Depresi√≥n,Ciudad de M√©xico
803162,@polografo Una cosa es ser homosexual y otra muy diferente ser pederasta.,19.4299345,-99.2115105,positivo,0,No Depresi√≥n,Ciudad de M√©xico
251452,"Habr√° pausa... (@ Los Panchos in Miguel Hidalgo, Ciudad de M√©xico, DF, M√©xico D.F. w/ @rafaellizarraga @oscaramador) https://t.co/vhttypGnlG",19.42535102,-99.17737931,positivo,1,Depresi√≥n,Ciudad de M√©xico
740171,"@HombreRevolver No es vejez, es madurez, es crecimiento, es cambio.",19.380613,-99.1614805,neutro,0,No Depresi√≥n,Ciudad de M√©xico
134492,Mi vida en color rosa üòäüíªüì±üëùüìíüñäÔ∏èü§§ü§≠ü§≠ü§≠ https://t.co/SJkg10L0HP,19.380613,-99.1614805,positivo,0,No Depresi√≥n,Ciudad de M√©xico
874390,"Juntas en las buenas, malas y en todas!!!!!!!! Love You!!!! üòòüíï‚ù§ @LilianaRiveraV1 @gabygz2 https://t.co/lVH6cn2CBU",19.318042,-99.2480095,positivo,1,Depresi√≥n,Ciudad de M√©xico
834664,"@TheFilologist @UCS_CDMX @SSP_CDMX Buen d√≠a, se canaliza a @UCS_CDMX y #Tr√°nsitoCDMX para la atenci√≥n correspondiente.",19.432836,-99.153366,positivo,0,No Depresi√≥n,Ciudad de M√©xico
26596,Estamos en el proceso final de producci√≥n del disco. Muy pronto podr√°n escucharlo üåàüñ§,19.432836,-99.153366,positivo,0,No Depresi√≥n,Ciudad de M√©xico
297944,Somos TU y YO. ‚ù§Ô∏èüë´‚ù§Ô∏è en Bosque de Chapultepc https://t.co/8gOy3HrIMP,19.4246821,-99.1843981,positivo,0,No Depresi√≥n,Ciudad de M√©xico
759267,"@lopezobrador_ Me cag√° las personas con una incapacidad de decisi√≥n, para eso te eligieron, si tu crees que es un proyecto que no vale madre, ¬°¬°pues cancelalo!! tienes a no se cuantos trabajadores con los huevos en el cogote esperando a ver si se quedan sin trabajo o no. Toma una decisi√≥n ya!!",19.380613,-99.1614805,negativo,0,No Depresi√≥n,Ciudad de M√©xico
294769,@ieieMBluz Jajaja s√∫per si y en otros eventos que haya  üòÇüòÇ,19.3427885,-99.050461,positivo,0,No Depresi√≥n,Ciudad de M√©xico
463056,Ojal√° que lo encuentren üòû,19.4299345,-99.2115105,negativo,0,No Depresi√≥n,Ciudad de M√©xico
319205,@adtmex  ¬øNos puedes ayudar con el reporte de una alarma?,19.432836,-99.153366,neutro,0,No Depresi√≥n,Ciudad de M√©xico
82659,@DosCejasPoblads Es lo que digo...,19.318042,-99.2480095,neutro,0,No Depresi√≥n,Ciudad de M√©xico
579937,Mira @Claudiashein sigues durmiendo tranquila?  Ojal√° a tus amigos los moneros le den me gusta como a todo lo que p√∫blicas  Cc. @monerorape,19.4320755,-99.087817,positivo,0,No Depresi√≥n,Ciudad de M√©xico
671350,AMLO publica el Plan Maestro de Santa Luc√≠a; requiere 67 mmdp en 23.2 kil√≥metros de aeropuerto. #DemocraciaParticipativa https://t.co/XgepqJu4vT,19.318042,-99.2480095,neutro,0,No Depresi√≥n,Ciudad de M√©xico
824874,'hospitalizado' es ahora una tendencia en #MexicoCity  https://t.co/rKCcQToRui https://t.co/ldOlPkdYfQ,19.4285,-99.1277,neutro,0,No Depresi√≥n,Ciudad de M√©xico
686305,"¬´que amor quiere que no duerma, que est√© despierta y penando¬ª  #LeerPoesia #EugenioDeSalazar",19.380613,-99.1614805,positivo,0,No Depresi√≥n,Ciudad de M√©xico
232280,"Incre√≠ble, y todos los que como halcones vigilantes pegan de gritos con cada movimiento del pg no dicen ni pio, que curioso, ser√° que hasta all√° no les alcanza la vista? üßê",19.4857835,-99.182126,negativo,0,No Depresi√≥n,Ciudad de M√©xico
339393,@Chivas vean la entrada que le hacen a Godinez la bestia extranjera y el arbitrucho no marca nada para que vean como protegen a los extranjeros. Que verguenza del dizque Fut-Bol. De M√©xico.,19.328383,-99.15234,negativo,0,No Depresi√≥n,Ciudad de M√©xico
558624,Todos los fans de la #NALCS rezando ayer para que TSM ganara.,19.4320755,-99.087817,positivo,0,No Depresi√≥n,Ciudad de M√©xico
226348,"Hoy, el rumbo de nuestro pa√≠s. Hoy, de nuevo veremos la luz del d√≠a. Sale de la c√°rcel #elbaesthergordillo para embellecer el futuro de nuestro pa√≠s. üßü‚Äç‚ôÄÔ∏è @ Cefereso No. 16 Penal Femenil‚Ä¶ https://t.co/wsXbBvdR38",19.3962354,-99.2107923,positivo,0,No Depresi√≥n,Ciudad de M√©xico
392041,"Tenemos una gran tarea en el pa√≠s, sacar adelante a nuestro campo, la tierra es lo m√°s valioso! Desde las organizaciones apoyaremos a rescatar el campo https://t.co/sse7PGynEP",19.4299345,-99.2115105,positivo,0,No Depresi√≥n,Ciudad de M√©xico
734289,¬°Hoy en lapacadiseno! üòé Gracias @ger_pipiripau por la pic! Tragos + DJ‚Äôs + Dise√±o  Colima 25A Roma Norte CDMX #CrystalsFromSwarovski #EFD ¬°PQB+! with Swarovski¬Æ crystals.  #LaRomaMx‚Ä¶ https://t.co/DaASsYml50,19.42104,-99.15489,positivo,0,No Depresi√≥n,Ciudad de M√©xico
823002,"@marthadelgado @SSP_CDMX @UCS_CDMX Lamentamos la confusi√≥n, pedimos a @UCS_CDMX verificar recurrencia, as√≠ mismo, ponemos a su disposici√≥n el n√∫mero 5208-9898 para indicar la informaci√≥n adicional de veh√≠culo.",19.432836,-99.153366,negativo,0,No Depresi√≥n,Ciudad de M√©xico
193840,Muy en especial las payasas pasivas @iangarcial @wapayasosmx CARAS Y NALGAS DE PASIVAS TODAS LAS CHICAS #HORRIPIJOTAS #WAPASIVAS,19.199485,-99.208364,positivo,0,No Depresi√≥n,Ciudad de M√©xico
303233,Mamaaaaaaaaaaaaaaaa√°: ¬øes muy tarde para abortarme?,19.318042,-99.2480095,positivo,0,No Depresi√≥n,Ciudad de M√©xico
637106,#FutEnTDN sigui√©ndote a todas partes ! @Cruz_Azul_FC https://t.co/bJeZyw4hk6,19.298191,-99.175685,positivo,0,No Depresi√≥n,Ciudad de M√©xico
723424,Tan nublado como para pel√≠cula de terror #LaProfeciaDelNoConfirmado #peliculadeterror en Parroquia Del Ni√±o Jes√∫s Del Amor Y San Juan Bautista. https://t.co/WTRNJdWC7X,19.461985,-99.11393596,positivo,1,Depresi√≥n,Ciudad de M√©xico
333594,Y quiere como si fueras a salvarme la vida. #EnMisRetinas #BlueBaby #BlueHair en Parque Delta Oficial https://t.co/DWwcakL6XF,19.40269935,-99.15434938,positivo,1,Depresi√≥n,Ciudad de M√©xico
598320,‚öΩ Inicia el partido de nuestra categor√≠a Sub20 ‚öΩ   #PUMvsQRO | SUB20 | 0 - 0 | #PorTiUniversidad #SoyDePumas,19.331964,-99.192145,positivo,0,No Depresi√≥n,Ciudad de M√©xico
45438,"@yaparate40 @frankymostro Gracias por darnos buenos consejos del mundo motor, contigo aprend√≠ a elegir el mejor auto y atreverme a meterle mano al coche, se extra√±ar√° escucharte diario, un abrazo mi estimado mostro!!! @TamaraVargasOf",19.4299345,-99.2115105,positivo,0,No Depresi√≥n,Ciudad de M√©xico
134287,"@jorgeramosnews @acostanaranjo Pero necesario ,yo creo dar√° muy buenos resultados y no es por defenderlo pero en el PRI obedeces por que obedeces y Bartlett siempre tuvo jefe !!!!!",19.4299345,-99.2115105,neutro,0,No Depresi√≥n,Ciudad de M√©xico
153610,"Hasta donde puede llegar la lambisconer√≠a, ahora resulta que todos votaron por el peje!!!üò≥",19.432836,-99.153366,negativo,0,No Depresi√≥n,Ciudad de M√©xico
777564,Yo como rico y sin engordar üíô,19.4299345,-99.2115105,positivo,0,No Depresi√≥n,Ciudad de M√©xico
719511,"@brizuela27_cone @JLHB33 @Chivas Ustedes como jugadores y como equipo mi apoyo sincero, pero por favor no se mezclen con la mafiosa directiva que tienen! Alejense de @jorgevergara @JLHB33 y del Jr que me tiene bloqueado... https://t.co/KntJEodnjb",19.328383,-99.15234,neutro,0,No Depresi√≥n,Ciudad de M√©xico
596867,Y as√≠ es üòç,19.318042,-99.2480095,positivo,0,No Depresi√≥n,Ciudad de M√©xico
437182,"@PepeYTeo Cabe mencionar que en cada v√≠deo @Ricardo_Peralta es un meme viviente, sus caras que hace al comentar algo @CesarTeo hacen que uno no pare de re√≠r... üòÇüëá https://t.co/rHAbl7ACjY",19.4299345,-99.2115105,positivo,1,Depresi√≥n,Ciudad de M√©xico
321258,@ParejaPach Cu√°l es su perfil deseado para poder gozarla y disfrutarla asta el delirio,19.3427885,-99.050461,positivo,0,No Depresi√≥n,Ciudad de M√©xico
301038,"Hola amigos, ¬øconocen a alguien? https://t.co/1o0ibH9sIU",19.318042,-99.2480095,positivo,0,No Depresi√≥n,Ciudad de M√©xico
64485,Mi playera de f√∫tbol para el partido del trabajo ü§ó https://t.co/4UYJVvi2pv,19.318042,-99.2480095,positivo,0,No Depresi√≥n,Ciudad de M√©xico
252997,"@zolanzky Yo creo que no la est√° viendo a ella, al menos que tenga estrabismo.",19.4857835,-99.182126,positivo,0,No Depresi√≥n,Ciudad de M√©xico
485194,"De regresooooü§§ü§§ü§§ü§§ (@ La Casa de las Enchiladas in M√©xico, DF) https://t.co/iWg63rQ9px https://t.co/xGnQwCrp0a",19.42297672,-99.17367683,positivo,0,No Depresi√≥n,Ciudad de M√©xico
723050,"@EPN Sr. Presidente de M√©xico, Pe√±a. Y cuantos miles de millones $$ nos costar√° escuchar sus mentiras? M√©xico es seguro? Entonces porque lo cuidan 6 mil elementos del EMP?? Yo pago, voy al #IMSS y ni medicinas hay. Usted MIENTE. Terrible inseguridad vivimos. #FelizS√°bado Rt https://t.co/uLH3FMcBvj",19.4299345,-99.2115105,negativo,0,No Depresi√≥n,Ciudad de M√©xico
877261,"no, @VannesaCo no!!! no vale la pena tratar de vivir en el yermo de New Vegas! üò´ü§ñüôÉ",19.4299345,-99.2115105,positivo,0,No Depresi√≥n,Ciudad de M√©xico
890735,@IvarMarichar Jueves o viernes manda dm,19.399101,-99.096496,positivo,0,No Depresi√≥n,Ciudad de M√©xico
520462,@WiattPs ¬øQu√© es eso?,19.318042,-99.2480095,neutro,0,No Depresi√≥n,Ciudad de M√©xico
735955,Que bonitas esas reuniones en donde no hay necesidad de ‚Äúbailar‚Äù.,19.199485,-99.208364,positivo,0,No Depresi√≥n,Ciudad de M√©xico
23779,"@889romo alerta Amber de bici, hay una bici abandonada en ej√©rcito nacional en direcci√≥n a periferico pasando el hospital espa√±ol. https://t.co/baMNL2GHIN",19.43821333,-99.19870833,positivo,0,No Depresi√≥n,Ciudad de M√©xico
302014,Porque un concepto no es suficiente... Hay que saberlo hacer!  @CharlyDiaz69 Coyoac√°n Hombre a Hombre mejorado.  @revistaboysmx en Bar Osil https://t.co/0vrHOTt9zP,19.34707639,-99.16339735,positivo,0,No Depresi√≥n,Ciudad de M√©xico
697477,Me frustra porque estoy esperando a que me atiendan y no puedo ver ni un videito ‚òπÔ∏è‚òπÔ∏è‚òπÔ∏è,19.4857835,-99.182126,negativo,0,No Depresi√≥n,Ciudad de M√©xico
200692,"Si eres de Poza Rica, te gusta ATL y quisieras conocerlo ma√±ana m√°ndame mensaje ahora. üòè‚ù§Ô∏è‚ö°",19.4299345,-99.2115105,positivo,0,No Depresi√≥n,Ciudad de M√©xico
683022,#EntroEnP√°nicoCuando alguien agarra mi celular,19.4857835,-99.182126,positivo,0,No Depresi√≥n,Ciudad de M√©xico
197527,"@alhyardz Hola,Oye No sab√≠a que los √°ngeles tambi√©n usaban #Twitter üíãüíöüòä Con Dedicaci√≥n Especial feliz MARTES  y buena vibra üç´ cracküíêüåªüèçÔ∏è",19.318042,-99.2480095,positivo,1,Depresi√≥n,Ciudad de M√©xico
165817,Urgen unos #drinks no @danielvalenciat alerdov #noche #cena #music #dj vamos a padellasa #quienseapunta #AsiLasCosas en Padella San √Ångel https://t.co/bCRk2nsBGs,19.34701364,-99.18898923,positivo,0,No Depresi√≥n,Ciudad de M√©xico
42415,Claro inc√≥modo !! Y mucha inseguridad e impunidad y si autodefensas en muchos municipios xq no hay estado,19.432836,-99.153366,negativo,0,No Depresi√≥n,Ciudad de M√©xico
608154,@VisiondeMoto Habr√≠a q te organizar una rodada para protestar contra esos imb√©ciles y exigir q la ley permita q se les denuncie de manera expedita porque es por la impunidad q hacen lo q quieren en perjuicio de todo mundo.,19.380613,-99.1614805,negativo,1,Depresi√≥n,Ciudad de M√©xico
341330,A que hora le llega ALV Cardozo ? #Chivas üò°üò≠,19.4299345,-99.2115105,neutro,0,No Depresi√≥n,Ciudad de M√©xico
5331,"@AlRangelS Igual que espont√°neamente hablo y a hablado Mancuso sin tener el mismo eco de MonoLeche, son muchos espont√°neos...",19.432836,-99.153366,negativo,0,No Depresi√≥n,Ciudad de M√©xico
716722,La √∫nica raz√≥n para romper la dieta #sanagustindelascuevas en Explanada Del Centro De Tlalpan https://t.co/Avrpiyw8jN,19.2886632,-99.16697479,positivo,0,No Depresi√≥n,Ciudad de M√©xico
754228,"Demos gracias por el mes y por el que viene!!! (@ Mas Vida CDMX in Ciudad de M√©xico, CDMX) https://t.co/8Kkjc2TyPN",19.4065909,-99.16919077,positivo,0,No Depresi√≥n,Ciudad de M√©xico
693238,"No hay nadie como @NuevaAlianza para defender: la educaci√≥n, los derechos de las mujeres y de lxs j√≥venes, la inclusi√≥n de los grupos vulnerables; la sustentabilidad, la transparencia y el desarrollo econ√≥mico del pa√≠s. #NuevaAlianzaSigue #IdentidadNuevaAlianza https://t.co/Jos8r2YhzP",19.432836,-99.153366,positivo,0,No Depresi√≥n,Ciudad de M√©xico
210817,Renis me hizo un s√°ndwich :) y le puso aguacatito üòç,19.380613,-99.1614805,positivo,0,No Depresi√≥n,Ciudad de M√©xico
131926,@MarcusRashford es el nuevo No. 10 del @ManUtd #FutbolxESPN,19.199485,-99.208364,positivo,1,Depresi√≥n,Ciudad de M√©xico
296703,@TeatroINBA @museoAmodernoMX Se compran los boletos con anticipaci√≥n?,19.328383,-99.15234,neutro,0,No Depresi√≥n,Ciudad de M√©xico
844102,Porque Pedro Sanchez no abre un dialogo con la familia de Francisco Franco ? Creo que le ayudar√≠a a comprender la magnitud de estupidez que representa esa declaraci√≥n suya acerca de Venezuela @PSOE,19.318042,-99.2480095,neutro,0,No Depresi√≥n,Ciudad de M√©xico
762434,Que onda con esas ojeras,19.3427885,-99.050461,negativo,0,No Depresi√≥n,Ciudad de M√©xico
363850,"@Guarromantico_ Quinto, cuando me enviaron algunos alumnos para asesorar",19.432836,-99.153366,neutro,0,No Depresi√≥n,Ciudad de M√©xico
667608,Pintadito porqu√© ya es Jueves ü•Éüòã #Matu #Ron en Narvarteando https://t.co/uGBhyUEjaA,19.39038,-99.15651,positivo,0,No Depresi√≥n,Ciudad de M√©xico
127539,5-8-2015 Tres a√±os de la noche m√°s hermosa de nuestras vidas. ‚ö™Ô∏èüî¥‚ö™Ô∏è Volv√≠amos a conquistar America. üèÜüêî en Estadio Antonio Vespucio Liberti  Monumental  https://t.co/Gn4gcgFixD,19.32469366,-99.22321172,positivo,0,No Depresi√≥n,Ciudad de M√©xico
657694,@CarneDeAzucar Unos ladrillazos!,19.4299345,-99.2115105,positivo,0,No Depresi√≥n,Ciudad de M√©xico
415621,Arriba arriba que esos tamalitos no se venden solos,19.199485,-99.208364,positivo,0,No Depresi√≥n,Ciudad de M√©xico
423461,Necesito un novio que me entretenga porque siento que ya mis amigos est√°n hartos de mi jajaja,19.4299345,-99.2115105,positivo,1,Depresi√≥n,Ciudad de M√©xico
430671,"@FredOleaPi Es bromi. üôÉüòõ A m√≠ tambi√©n luego me siguen as√≠ muy random y pues, no entiendo c√≥mo o por qu√© .___.",19.42550659,-99.16347482,negativo,1,Depresi√≥n,Ciudad de M√©xico
736554,El sexo conmigo es de tu vida. Te amo tanto Yo quisiera vivir de este.,19.328383,-99.15234,positivo,0,No Depresi√≥n,Ciudad de M√©xico
443243,"El luchador social que se da vida VIP @fernandeznorona , cuando podr√° el pueblo bueno darse esos lujos?  Jajajaja nunca",19.399101,-99.096496,positivo,0,No Depresi√≥n,Ciudad de M√©xico
64303,@jajani_glam No te lamentes y agenda tu cita  con un diosa tan espectacular  lo vale,19.380613,-99.1614805,negativo,0,No Depresi√≥n,Ciudad de M√©xico
212297,@feguiluzl @BBVABancomer Se recomienda alguna formaci√≥n para estar alineados a los valores y como vivirlos y transmitirlos al equipo?...tks,19.4299345,-99.2115105,positivo,1,Depresi√≥n,Ciudad de M√©xico
478614,Un sencillo mensaje.... Para ti... Solo se feliz!!! üè≥Ô∏è‚Äçüåà #PandoQuotes... DALE REPOST / COMENTA Y DA LIKEüëçüèª üî•üî•üî•üî•üî•üî•üî•üî•üî•üî•üî•üî• #Actitud #Paz #armonia #LeyDeLaAtraccion #boys #girls #lgbti‚Ä¶ https://t.co/bjnVXNeuyY,19.4326,-99.1332,positivo,0,No Depresi√≥n,Ciudad de M√©xico
590642,Un amigo me hizo el d√≠a al regalarme toda esta torre de libros üòç https://t.co/UkaxprVvBl,19.318042,-99.2480095,positivo,0,No Depresi√≥n,Ciudad de M√©xico
507960,@davidpuma Ma√±ana no creo estar en √≥ptimas condiciones jajajaja,19.328383,-99.15234,positivo,0,No Depresi√≥n,Ciudad de M√©xico
864930,Yo imaginando el tr√°fico y charcos por la lluvia... https://t.co/LaGvw7YfYE,19.318697,-99.3055805,neutro,0,No Depresi√≥n,Ciudad de M√©xico
94632,Ola bbs alguiene puede llamar x tele fono para decirme cosas rimas mi numero 5566585962,19.3427885,-99.050461,negativo,0,No Depresi√≥n,Ciudad de M√©xico
310984,Ojal√° hagan esto cada dos o tres d√≠as hasta correr a los hijos de la chingada:  SSP barre a los franeleros de Condesa e Hip√≥dromo https://t.co/SMRSttxLRO,19.432836,-99.153366,negativo,0,No Depresi√≥n,Ciudad de M√©xico
128432,@CostcoMX xk tanta diferencia d $ de la tienda f√≠sica vs productos en @cornershopmx https://t.co/jtT8itKkdL,19.380613,-99.1614805,positivo,0,No Depresi√≥n,Ciudad de M√©xico
272017,"Yo y mi soliloquio, siempre espanto a mi mam√° y la cuesti√≥n es que me pregunta ¬øcon qui√©n hablo? Jajajaja... Es inevitable hablar conmigo, aclara mis pensamientos. https://t.co/vTDI7ayXoJ",19.318697,-99.3055805,positivo,0,No Depresi√≥n,Ciudad de M√©xico
212695,"@jenarovillamil Rayos, es muy, muy cerca de mi casa y toca trabajar üòí",19.4299345,-99.2115105,negativo,0,No Depresi√≥n,Ciudad de M√©xico
317406,"@JUANMORAMORA2 @elopezmota Coincido contigo, p√©simo portero y el africano solo sabe dar de pases a medio metro.",19.318042,-99.2480095,negativo,0,No Depresi√≥n,Ciudad de M√©xico
889056,Tormenta el√©ctrica en Barrio Tula Culhuac√°n https://t.co/92HJ1S1mP4,19.33671879,-99.11218742,positivo,0,No Depresi√≥n,Ciudad de M√©xico
474260,@MarianimaLOVERS @DavidIvanvaldes Jajajaj sibel gobierno ayudar√° en algo todo ser√≠a diferente pero si no hace ni su trabajo que va a ayudar en estos hermosos que si no hacemos nada por ellos quien los escucha,19.328383,-99.15234,positivo,0,No Depresi√≥n,Ciudad de M√©xico
888103,"Si el TLCAN se firma, el pr√≥ximo a√±o la econom√≠a crecer√≠a de 2.5% a 3%: Enrique Covarrubias, director de Estrategia de Inversi√≥n de Grupo @Actinver en #GanadoresYPerdedores",19.318697,-99.3055805,neutro,1,Depresi√≥n,Ciudad de M√©xico
703449,@JACrespo1 Perd√≠ un departamento por el sismo y hoy @Claudiashein fue a vernos a Escocia 29. Su actitud me agrad√≥ pero la gente que le acompa√±a act√∫a del mismo modo que lo hicieron los del PRI por d√©cadas. Esa cultura del lambisc√≥n no se quita f√°cilmente. No es gripa.,19.328383,-99.15234,negativo,0,No Depresi√≥n,Ciudad de M√©xico
214642,La vida me est√° dando muchas se√±ales de que debo ser m√°s pragm√°tica üëÜüèª,19.4299345,-99.2115105,neutro,0,No Depresi√≥n,Ciudad de M√©xico
353930,Despertar es renacer. No se te olvide cuando pienses: s√≥lo es un d√≠a m√°s.,19.2755645,-99.2645265,positivo,0,No Depresi√≥n,Ciudad de M√©xico
115108,Me estoy muriendo de sue√±o.,19.380613,-99.1614805,negativo,0,No Depresi√≥n,Ciudad de M√©xico
628551,@MelcochaBarata Es una interesante observaci√≥n...  Tal vez es gusto por la lluvia y mojarse ?  Saludos,19.399101,-99.096496,positivo,1,Depresi√≥n,Ciudad de M√©xico
283347,@CAPUFE No se puede manejar!!! Estamos atorados abran un carril urge!!!,19.2362445,-99.08179,positivo,0,No Depresi√≥n,Ciudad de M√©xico
426672,"@chochosmx @xiam @dabit De hecho, los de Amazon contrataron a varios de Ibm que llevaban a√±os trabajando en mainframe para crear aws lambdas.",19.342871,-99.2419975,neutro,0,No Depresi√≥n,Ciudad de M√©xico
630166,"Malditos, no lo permito. Una cosa es la chamba y otra la vacaci√≥n. Dejen de romantizar la adicci√≥n al trabajo.",19.432836,-99.153366,negativo,0,No Depresi√≥n,Ciudad de M√©xico
583401,"Doble moral, le dicen... üòí",19.398726,-99.117495,negativo,0,No Depresi√≥n,Ciudad de M√©xico
78855,Tengo sentimientos encontrados üò≥,19.380613,-99.1614805,negativo,1,Depresi√≥n,Ciudad de M√©xico
761257,Aunque muchos no lo entiende porque me porto as√≠ contigo @pedroprietotv Pero mientras t√∫ lo entiendas es m√°s que suficiente te amo con todo mi ser Mi Pedrito El Hombre Que Amo Mi Osito‚Ä¶ https://t.co/RiWGvU8oqr,19.43195,-99.13317,positivo,1,Depresi√≥n,Ciudad de M√©xico
501999,Ama y Vive al l√≠mite. La vida es para disfrutarla no para sufrirla. . . . . . . . . . . . . . #life #beer #university  #men  #tshirtlife  #i #wish #you #were #white #yellow #tshistdesign‚Ä¶ https://t.co/T7oRXGsWfZ,19.33284021,-99.187392,positivo,0,No Depresi√≥n,Ciudad de M√©xico
705837,C√≥mo es que la chica sigue respirando? ü§î @BTS_twt,19.3427885,-99.050461,positivo,0,No Depresi√≥n,Ciudad de M√©xico
615700,Me urge saber a qu√© libro pertenece esta p√°gina donde se mencionan tus canciones!! @andressuareztwi Sabes que libro es? https://t.co/g4ds8RK9Bk,19.380613,-99.1614805,positivo,0,No Depresi√≥n,Ciudad de M√©xico
564450,"Estoy enganchado a #LaCasaDeLasFlores de @NetflixES! Durante los diferentes vuelos que estamos cogiendo estos d√≠as por todo M√©xico, aprovechamos para ver la serie y si ya la serie mola, verla en tierras mexicanas es a√∫n m√°s üîù!Soy muyy fan de PAULINA https://t.co/c3BDXi1pFR",19.4320755,-99.087817,positivo,0,No Depresi√≥n,Ciudad de M√©xico
884818, Tienes la culpa de todo...   https://t.co/lDqE5vZy4y,19.2755645,-99.2645265,negativo,0,No Depresi√≥n,Ciudad de M√©xico
875340,@lobatoan Ojal√° lo mismo dijeras cuando est√°s en la oficina ü§£,19.432836,-99.153366,neutro,1,Depresi√≥n,Ciudad de M√©xico
6138,"#UnTuitPuede terminar con tu  reputaci√≥n  (si es que ten√≠as una), como Chumel que no se cansa de quedar como est√∫pida.",19.199485,-99.208364,negativo,1,Depresi√≥n,Ciudad de M√©xico
391330,"@Excelsior Ya tenemos un colectivo aqu√≠ en cdmx, ser√≠a bueno darle visibilidad a  Hazlos brillar de nuevo  por Samantha Flores",19.199485,-99.208364,positivo,0,No Depresi√≥n,Ciudad de M√©xico
113429,Ni se pa que quise venir a Perisur si ya conozco que MI JEFA SE TARDA 1000 A√ëOS EN COMPRAR COSAS VALE VERGA,19.328383,-99.15234,negativo,0,No Depresi√≥n,Ciudad de M√©xico
286999,#pipol con quien comparten lo que ven?,19.4857835,-99.182126,neutro,0,No Depresi√≥n,Ciudad de M√©xico
452021,"Verga, ya estoy llorando de la emoci√≥n, es hermosa",19.432836,-99.153366,positivo,0,No Depresi√≥n,Ciudad de M√©xico
402484,"@jenarovillamil Coordinador de una bancada de un partido al que pertenece, vaya paradoja.",19.3427885,-99.050461,neutro,0,No Depresi√≥n,Ciudad de M√©xico
626729,Creo que empezar√© a pagar la suscripci√≥n de Sky Alert üö® üòûüòî por precauci√≥n.,19.2623115,-99.0050185,negativo,0,No Depresi√≥n,Ciudad de M√©xico
754320,@h_23CM JAJAJAJAJAJA pero es de toda la liga la m√≠a :(,19.328383,-99.15234,positivo,1,Depresi√≥n,Ciudad de M√©xico
583287,"¬øEquitaci√≥n? Lo m√°s cerca que he estado de un caballo, es en departamento de salchichoner√≠a de Walmart.",19.328383,-99.15234,neutro,0,No Depresi√≥n,Ciudad de M√©xico
813490,"@ferbelaunzaran @mario_delgado1 No gana ni una gripe pero, c√≥mo estorba con la pantomima, pamplinas! el se√±or quiere hueso y no sabe c√≥mo pedir.",19.380613,-99.1614805,positivo,0,No Depresi√≥n,Ciudad de M√©xico
164722,Nuestra @EugeniaLeon siempre presente elevando su canto @lopezobrador_  los admiro profundamente a los dos.,19.432836,-99.153366,positivo,0,No Depresi√≥n,Ciudad de M√©xico
694109,Hola qu√© tal amigo yo quiero una serenata para el chico que me gusta ino me ase caso,19.318697,-99.3055805,positivo,1,Depresi√≥n,Ciudad de M√©xico
217002,@ReneGood Y t√∫ haciendo puras cochinadas hahaha,19.4299345,-99.2115105,positivo,0,No Depresi√≥n,Ciudad de M√©xico
896386,@nelson_valadez Y de caos en la CDMX!!!,19.380613,-99.1614805,neutro,0,No Depresi√≥n,Ciudad de M√©xico
849403,#MotorRollsRoyce #Aeromexico #AstecaEscuelaDeAviaci√≥n #FlightAttendant #Boeing787 en Hangar Oriente Aeromexico - AICM https://t.co/494QAHPiSO,19.43295525,-99.06299345,positivo,0,No Depresi√≥n,Ciudad de M√©xico
101356,"Khermoza mi conexion de FO Telmex!   Se tardaron como 26 a√±os, pero al fin llego. üôåüèª https://t.co/57IZGaTkvL",19.318697,-99.3055805,positivo,0,No Depresi√≥n,Ciudad de M√©xico
398298,"El secreto est√° en nunca esperar nada de nadie... Si llega te vas a sorprender, si no llega no te vas a desilucionar.",19.380613,-99.1614805,positivo,1,Depresi√≥n,Ciudad de M√©xico
389466,@CapitanLucaLov Ya estas bien lavado del coco con la ideolog√≠a de g√©nero ü§Ø,19.432836,-99.153366,positivo,0,No Depresi√≥n,Ciudad de M√©xico
86761,Siguiendo con lo de hace rato: @MIAREsproject üòÅüòÑ  Cc. @InstaSamer https://t.co/EV04p23vc5,19.432836,-99.153366,neutro,0,No Depresi√≥n,Ciudad de M√©xico
287329,@iPorfii @FuerzaMonarca Pinches ganas de ir a alentar al Canario al Morelos.,19.380613,-99.1614805,positivo,1,Depresi√≥n,Ciudad de M√©xico
503054,"Chiste del d√≠a...üòÇüòÇüòÇ en Distrito Federal, Mexico https://t.co/YOQW8Z5lVp",19.3443632,-99.13226623,positivo,1,Depresi√≥n,Ciudad de M√©xico
751424,"Encuentros, despedidas ... y continuidad de historias... https://t.co/MsIIGwsXxf",19.434907,-99.083655,neutro,0,No Depresi√≥n,Ciudad de M√©xico
500422,@CarlosSilva115 @Milenio jajaja  no mames we eso es de hace muy 2 dias we!,19.432836,-99.153366,positivo,0,No Depresi√≥n,Ciudad de M√©xico
895125,De lo m√°s destacado en la √∫ltima semana de pretemporada en la NFL üèà el debut de @PerezLuisQB con los @RamsNFL,19.4299345,-99.2115105,positivo,0,No Depresi√≥n,Ciudad de M√©xico
384742,"No me convenci√≥, la seguir√© teniendo. Pero gracias por participar üòà",19.4299345,-99.2115105,positivo,0,No Depresi√≥n,Ciudad de M√©xico
666191,@ellos46109224 Se puede chupar?,19.328383,-99.15234,neutro,0,No Depresi√≥n,Ciudad de M√©xico
633123,Para m√°s informaci√≥n o presupuestos llama al  5264 5824 o 5530 3220 Instagram: decorexinsurgentes Pisos-Persianas-Alfombras-Porcelanatos-Griferia  #elegancia #estilo #decoracion #decoracioninte #decorex #decorexinsurgentes https://t.co/DndVMEVxGb,19.380613,-99.1614805,neutro,0,No Depresi√≥n,Ciudad de M√©xico
591383,@ATTMxAyuda me pueden contestar por DM?,19.432836,-99.153366,neutro,1,Depresi√≥n,Ciudad de M√©xico
718131,Alumnos del IPN crean chicle antiestr√©s y que brinda energ√≠a  https://t.co/3AhPjYs2ff https://t.co/bngyxUWqvR,19.3427885,-99.050461,positivo,1,Depresi√≥n,Ciudad de M√©xico
359489,@DuSabelt Hola Amigo. Buenos y agradables d√≠as; desde la Ciudad de  @wengonzalez Salinas: En donde quiera que te encuentres,19.380613,-99.1614805,positivo,0,No Depresi√≥n,Ciudad de M√©xico
506440,En torno a la diferencia entre Monumentos y Bienes Culturales  #Cultura  https://t.co/C9emHBNZ9z https://t.co/qDpIEtcLgw,19.199485,-99.208364,positivo,0,No Depresi√≥n,Ciudad de M√©xico
883945,Misi√≥n conseguir elote ‚úîÔ∏è Misi√≥n llegar a casa ‚ùå,19.328383,-99.15234,positivo,0,No Depresi√≥n,Ciudad de M√©xico
313222,Mojito con licor Ancho Reyes... Fu**** Amazing en Mercadoroma Coyoac√°n https://t.co/3S7eEg4D1B,19.34564,-99.17412,positivo,0,No Depresi√≥n,Ciudad de M√©xico
374181,"Pr√≥ximamente Agua Nueva Tropical Ft. Cl√°udio Alcaraz Y Su Banda La Mundial; Esperalo!!!! #HoyQuieroCambiar. en Distrito Federal, Mexico https://t.co/2StMoGPMXj",19.3443632,-99.13226623,positivo,1,Depresi√≥n,Ciudad de M√©xico
829696,"Mire @don_chamuco, el pendejo del d√≠a!!! https://t.co/ffV7tubr24",19.432836,-99.153366,positivo,1,Depresi√≥n,Ciudad de M√©xico
17731,Llego el diablo üëπüëπüëπ en Tianguis Dominical Lagunilla https://t.co/tQ9AIYb0yK,19.44666146,-99.13493135,neutro,0,No Depresi√≥n,Ciudad de M√©xico
171445,Dos m√°s guardadas en domicilios particulares @Vbike_mx @vbike_escucha https://t.co/8w7eNClIji,19.380613,-99.1614805,positivo,0,No Depresi√≥n,Ciudad de M√©xico
422999,"#Internacional | Por primera vez en Estados Unidos, una mujer transg√©nero, gan√≥ una candidatura para contender por una gubernatura.  Aqu√≠ los detalles üëâhttps://t.co/A3CwzTmWlM https://t.co/lHHEDRgOJk",19.380613,-99.1614805,neutro,0,No Depresi√≥n,Ciudad de M√©xico
726503,@AristeguiOnline Terminar con el voto de castidad ?,19.4299345,-99.2115105,neutro,0,No Depresi√≥n,Ciudad de M√©xico
876552,"@adysanchez29 @ManUtd pero, no los veo ni en la siguiente ronda.",19.380613,-99.1614805,neutro,0,No Depresi√≥n,Ciudad de M√©xico
622635,@abugigi @v__i Para las tres!!,19.380613,-99.1614805,positivo,0,No Depresi√≥n,Ciudad de M√©xico
488347,Buenos tardes razita üòé https://t.co/K9oP8yoCst,19.328383,-99.15234,positivo,0,No Depresi√≥n,Ciudad de M√©xico
276583,¬øRecuerdas cuando te uniste a Twitter? ¬°Yo s√≠! #MiAniversarioDeTwitter#memot4 #unabuenaopcion #buenosmomentos # üëåüèæ https://t.co/YZ7OMoyKn8,19.4299345,-99.2115105,positivo,0,No Depresi√≥n,Ciudad de M√©xico
106558,De frente al sol en Xochimilco/trajineras embarcadero nvo. nativitas https://t.co/N3fajCg8Ph,19.253405,-99.09384902,positivo,0,No Depresi√≥n,Ciudad de M√©xico
761794,@SoyReferee Y qui√©n defiende? No mamen,19.4320755,-99.087817,negativo,0,No Depresi√≥n,Ciudad de M√©xico
57183,@servinmontero Ese soy yo üôãüèª‚Äç‚ôÇÔ∏è,19.4299345,-99.2115105,positivo,0,No Depresi√≥n,Ciudad de M√©xico
275701,Como esperas que sea tu fin de semana/c√≥mo sale siempre. https://t.co/VIAWIOsQpK,19.4320755,-99.087817,positivo,0,No Depresi√≥n,Ciudad de M√©xico
186407,"Julieta Venegas lo entendi√≥ todo cuando cant√≥ ‚Äúno voy a llorar y decir que no merezco esto porque es probable que lo merezca, pero no lo quiero y por eso me voy‚Äù.",19.4857835,-99.182126,negativo,0,No Depresi√≥n,Ciudad de M√©xico
85581,@mpia_mendez Ay amiga perd√≥n. Es que tengo demasiada informaci√≥n nueva y mucho tiempo libre cuando vuelva a Chile.... te aviso! üíõ,19.328383,-99.15234,positivo,0,No Depresi√≥n,Ciudad de M√©xico
347780,Despu√©s de darme en la madre en todos los aspectos te atreviste a preguntarme ‚Äú¬øTodo bien?‚Äù,19.199485,-99.208364,positivo,0,No Depresi√≥n,Ciudad de M√©xico
711234,"@Vhalarcon @Resignate @LaNapolesCdMx No hay permiso para vender en las banquetas o calles en la cdmx, lo m√°s seguro es que llegaron alg√∫n acuerdo con los de vialidad de la delegaci√≥n o zona territorial.",19.328383,-99.15234,positivo,0,No Depresi√≥n,Ciudad de M√©xico
853006,"@LuisAreva @raesquedaa @InMixcoac @iecm @LaMisscoac @ChinasNelly @Cesargalvanm @mrmoon37 @CapitanJuanelo Vecinos, para la pr√≥xima participen dando de alta sus proyectos para que podamos votar por ellos",19.380613,-99.1614805,neutro,0,No Depresi√≥n,Ciudad de M√©xico
463600,"@zagez NO, ¬°¬øa poco de te dijeron, tonto?! üòí",19.328383,-99.15234,negativo,0,No Depresi√≥n,Ciudad de M√©xico
242474,Estaba so√±ando bien chido y me marcan los basuras de @Telcel,19.328383,-99.15234,positivo,0,No Depresi√≥n,Ciudad de M√©xico
78509,¬øQuieren boletos para el #XVAniversarioCelticsCondesa? ¬°¬°Suban sus fotos a @CelticsPub_Mex en #facebook!! https://t.co/ml2LFMic1q,19.4299345,-99.2115105,positivo,0,No Depresi√≥n,Ciudad de M√©xico
470259,"Si aguante un dolor de ci√°tica y una hernia de disco, aguantare las agujas salir y entrar de mi puerco üßêü§î",19.4857835,-99.182126,negativo,0,No Depresi√≥n,Ciudad de M√©xico
398343,@anais8000 El cumbiero con Medell√≠n,19.4299345,-99.2115105,positivo,0,No Depresi√≥n,Ciudad de M√©xico
615427,@Navegaciones El @hermanntertsch es franquista. Se qued√≥ en otra √©poca defendiendo los cr√≠menes de sus antecesores.,19.4299345,-99.2115105,negativo,0,No Depresi√≥n,Ciudad de M√©xico
857943,La historia hizo justicia!,19.318042,-99.2480095,positivo,1,Depresi√≥n,Ciudad de M√©xico
646717,"Pasen una linda noche, me divert√≠ mucho en el stream, #SouthPark siempre ha sido de mis favoritos, y siempre ser√© team Butters, ustedes a qui√©n prefieren?, gracias a todos por siempre estar ah√≠ y apoyar, nuevos follows y donaciones, ustedes hacen que sea genial https://t.co/FRRxyDHiae",19.3206955,-99.1525965,positivo,0,No Depresi√≥n,Ciudad de M√©xico
897115,"HOY es la GRAN INAUGURACI√ìN de MERIDIANO 52, no falten est√° simplemente delicioso estamos en el local 52 del MERCADO SAN GENARO @c_insurgentes @EnPolancoMx  @PolancoLomas  @PolancoDFmx  @JackieIsela  @bytelord_mex  @ChefLuisAranda  @RahmarChef  @felipeangelestv  @1azulen https://t.co/OlfTgWW79O",19.4299345,-99.2115105,positivo,0,No Depresi√≥n,Ciudad de M√©xico
664850,"@ChumelTorres Bueno... Nadie dir√° que no aplico si m√°xima de  solo el pueblo puede salvar al pueblo  ojala as√≠ aplique la de  acabar con la corrupci√≥n  si no, pobre de el",19.2623115,-99.0050185,negativo,0,No Depresi√≥n,Ciudad de M√©xico
887846,"El √©xito no est√° en lo que dicen, dices, piensan o piensan, est√° en lo Correcto.  Vive al M√°ximo !  Buenas noches üåô  Iv√°n Rangel  Life Counselor https://t.co/TeVYYG2nI1",19.2623115,-99.0050185,positivo,0,No Depresi√≥n,Ciudad de M√©xico
257078,@Chesaregut Es muy buena!,19.328383,-99.15234,positivo,1,Depresi√≥n,Ciudad de M√©xico
863487,"El compromiso incumplido 266 de EPN, ver por la econom√≠a familiar, peg√≥ duro al pa√≠s y a √©l lo hundi√≥ https://t.co/LvykJVCP5X",19.432836,-99.153366,positivo,0,No Depresi√≥n,Ciudad de M√©xico
878326,Hola amigos los invito a que vengan a cantar conmigo al Museo del Tequila y el Mezcal en plaza Garibaldi a partir de las 5:00 pm de jueves a domingo no falten en Mutem Garibaldi. Museo del‚Ä¶ https://t.co/MrBwEpfmsV,19.44078653,-99.13934372,positivo,0,No Depresi√≥n,Ciudad de M√©xico
228221,"@dj3mb @Octavitter @MarthaTagle @hdemauleon De hecho deformarle est√° correcto, deformarle es hablar de una tercera persona, es decir no necesita un g√©nero. Deformarle a ella (la lengua)",19.2362445,-99.08179,neutro,0,No Depresi√≥n,Ciudad de M√©xico
509087,@DeDelacruz76 @cosmopolitanmx Lo que no es √©tico es editar a alguien a tal punto de dejarla m√°s parecida a a una caricatura que a una persona real.,19.380613,-99.1614805,neutro,0,No Depresi√≥n,Ciudad de M√©xico
724225,"@Gustavo_Elizar Nacha cucaracha, valer vrrga, lo mismo de siempre.",19.432836,-99.153366,negativo,0,No Depresi√≥n,Ciudad de M√©xico
561114,@mcnarchie Pues hay que saberle buscar para que solo veas lo que por default te aparece. https://t.co/ntKigQHpxx,19.318042,-99.2480095,negativo,0,No Depresi√≥n,Ciudad de M√©xico
880792,@carolina_rocha_ Asesino ser√≠a mejor!,19.3427885,-99.050461,positivo,1,Depresi√≥n,Ciudad de M√©xico
330168,@Reforma Es que ah√≠ vive y tiene un condominio las ratas de Rosario Robles,19.4320755,-99.087817,neutro,0,No Depresi√≥n,Ciudad de M√©xico
804655,Los #Simpsons lo vuelven a hacer ü§∑ü§¶üòÇ por los siglos de los siglos llego para quedarse #ThaliaChallenge @thalia üíØüëå‚úåÔ∏è https://t.co/SijCFxrPei,19.318042,-99.2480095,neutro,1,Depresi√≥n,Ciudad de M√©xico
451233,ü§ï (@ Gabinete de Fisioterapia y Rehabilitaci√≥n in Distrito Federal) https://t.co/jtNMcePn7e,19.44163356,-99.16282711,positivo,0,No Depresi√≥n,Ciudad de M√©xico
668681,Se fue un vaporizador #GrencoElite para #PuertoVallarta en #Mexico v√≠a #MercadoLibre . Se envi√≥ por #DHL y solo esperar a que lo reciba el cliente.  Env√≠os seguros y armados en mercado‚Ä¶ https://t.co/lSQgXACGFt,19.4326,-99.1332,positivo,1,Depresi√≥n,Ciudad de M√©xico
519632,"#ToyotaElectricRun üêºüêº (@ Fuente de las ranas in Miguel Hidalgo, Distrito Federal) https://t.co/zEkklZDjI4 https://t.co/GMZUDOSG94",19.421015,-99.189586,positivo,1,Depresi√≥n,Ciudad de M√©xico
478135,"@Grafocafe Fer, la idea del establecimiento es muy buena, pero la profesionalidad del personal deja mucho que desear. Me dijeron que la graf√≥loga de sucursal Campeche llegaba a las 10 y a√∫n sigo esperando...  Que conste que tampoco dije nada de la puntualidad respecto a apertura. https://t.co/JsmI79EsVA",19.408872,-99.168674,positivo,1,Depresi√≥n,Ciudad de M√©xico
22551,Algunas im√°genes del entrenamiento de resistencia aer√≥bica intermitente que realizamos hoy en el Bosque de Tlalpan. #Ejercicio #√Årbitros #F√∫tbol #M√©xico #AMA #FMF #FelizMi√©rcoles https://t.co/HarXkCPODF,19.328383,-99.15234,positivo,0,No Depresi√≥n,Ciudad de M√©xico
777730,Quiero llorar.,19.318042,-99.2480095,negativo,0,No Depresi√≥n,Ciudad de M√©xico
484892,"No s√≥lo de la vista nace el amor. Tienes que tocarla, sentirla, amarla ¬°Ven a conocer tu nueva bici! üö¥‚ù§Ô∏è #yovoyconatomika #atomikamx #cannondale #mexico #cdmx #expertos #bike #bikelove‚Ä¶ https://t.co/WLnsQz32kO",19.39586925,-99.17354107,positivo,0,No Depresi√≥n,Ciudad de M√©xico
211879,"@MetroCDMX Hola @MetroCDMX , agarraron al perrito? Est√° bien?",19.4299345,-99.2115105,neutro,0,No Depresi√≥n,Ciudad de M√©xico
466047,"Mi primera clase de Proba II y la √∫ltima porque est√° la mayor√≠a de la mugre de mi generaci√≥n, hoy los odi√© mas que otro d√≠a, se los juro que son la gente m√°s corriente y mal educada que pueda existir. Ojal√° los parta un in rayo. üôÑüôè",19.380613,-99.1614805,negativo,0,No Depresi√≥n,Ciudad de M√©xico
532747,@ChumelTorres Tener buena ortograf√≠a ser√≠a un talento mucho mas √∫til ü§î,19.4299345,-99.2115105,positivo,0,No Depresi√≥n,Ciudad de M√©xico
445017,"La regeneraci√≥n democr√°tica, de un pa√≠s de tercer nivel seg√∫n un seudo - erudito , era esto: qu√≠tate t√∫ que me pongo yo. ( porque son todos unos idiotas sin visi√≥n europea )El nepotismo se se implanta tambi√©n en Exteriores. Te lo comparto para que sepas a quien adulas.",19.4299345,-99.2115105,neutro,0,No Depresi√≥n,Ciudad de M√©xico
51415,"@atlgarza te iba a comprar un regalo de cumplea√±os, pero recuerdo que ya me tienes en tu vida y creo que mejor ya no compro nada ¬øque m√°s pod√≠as pedir?   Ahvdd jajajaja",19.432836,-99.153366,positivo,0,No Depresi√≥n,Ciudad de M√©xico
729104,La Ciudad del Mexico es mucho parecida con mi ciudad natal S√£o Paulo pero creo que es un poquito m√°s limpia.                                                     #fabioborgestv‚Ä¶ https://t.co/BocWWFHzZl,19.4326,-99.1332,positivo,0,No Depresi√≥n,Ciudad de M√©xico
362807,"Para ganar un pase sencillo dinos en qu√© posici√≥n pusimos el Isolation de @KALIUCHIS en nuestro listado de los mejores discos de la primera mitad de 2018, junto a tu nombre completo a redes@timeoutmexico.mx   https://t.co/6WKk2FbBhx",19.4299345,-99.2115105,positivo,0,No Depresi√≥n,Ciudad de M√©xico
715716,"Hoy toca Julion √Ålvarez #operadordecamara (@ Teatro @Banamex in Cuajimalpa, DF) https://t.co/me0LvEwDmT",19.35937296,-99.27507783,positivo,0,No Depresi√≥n,Ciudad de M√©xico
235559,Te juro que te amo.,19.4299345,-99.2115105,positivo,1,Depresi√≥n,Ciudad de M√©xico
507643,Que r√°pido se pasa el tiempo cuando todo te vale verga...,19.2362445,-99.08179,negativo,0,No Depresi√≥n,Ciudad de M√©xico
316427,"Buena noche!!! en Mexico City, Mexico https://t.co/Wkxvh6csRD",19.4326,-99.1332,positivo,0,No Depresi√≥n,Ciudad de M√©xico
665234,@lasantisima de nuevo https://t.co/ct4K8icf4q,19.399025,-99.17115,neutro,0,No Depresi√≥n,Ciudad de M√©xico
30142,@DaniielaGal Andas caldufas o enojada? ü§î,19.380613,-99.1614805,negativo,0,No Depresi√≥n,Ciudad de M√©xico
365244,@GAVOsnaya @v_spacemonkey Nada de eso: la onda son Los Tres Chinelos.,19.199485,-99.208364,positivo,1,Depresi√≥n,Ciudad de M√©xico
451980,Pues perd√≥n por no recoger mi certificado de prepa de la IBERO,19.399101,-99.096496,neutro,0,No Depresi√≥n,Ciudad de M√©xico
392952,@ely__palacios los quiero!,19.3206955,-99.1525965,positivo,0,No Depresi√≥n,Ciudad de M√©xico
227857,Por eso :3.... Al carajo usted se fueee!!!!!.....üòú,19.199485,-99.208364,negativo,0,No Depresi√≥n,Ciudad de M√©xico
406272,No c vale que te hagan esto justo antes de ir a dormir. @masolisb üò£ https://t.co/hyOQVDo6Bb,19.380613,-99.1614805,negativo,1,Depresi√≥n,Ciudad de M√©xico
414120,"@futpicante Pues va a seguir en puro equipo perdedor y ganando menos d lo q ganaria en el AME tanto en lo economico como en titulos @yosoy8a x un absurdo d estar en Europa donde en ninguna liga lo ven como el gran arquero q es, en Mexico seria el mejor portero en el equipo mas importante",19.432836,-99.153366,positivo,0,No Depresi√≥n,Ciudad de M√©xico
431382,@Clausenfv me record√≥ a Huesitos.üò™,19.3206955,-99.1525965,positivo,0,No Depresi√≥n,Ciudad de M√©xico
612733,"@lyselhane @Uber_MEX Lo bueno que ya tenemos otra opci√≥n que le va dar dolor de cabeza a @Uber_MEX y se llama @DiDi_Mexico que ya est√° haciendo pruebas en CDMX, 400 millones de usuarios los respaldan.",19.4857835,-99.182126,negativo,0,No Depresi√≥n,Ciudad de M√©xico
730915,"Acaban de asaltar a una amiga karina lugo sobre laguna de terminos, somos trabajaores de pentafhon nesecitamos mas seguridad sobre esa calle se√±ores acudan al llamada @amievajoserra @Claudiashein",19.4857835,-99.182126,positivo,0,No Depresi√≥n,Ciudad de M√©xico
307727,¬°un postre delicioso! https://t.co/JDcIuS8d8t,19.432836,-99.153366,positivo,0,No Depresi√≥n,Ciudad de M√©xico
470556,@Villegas1alex Buenas noches para ti tambi√©n! üòâ,19.432836,-99.153366,positivo,0,No Depresi√≥n,Ciudad de M√©xico
596915,"Las redes, el pl√°stico, la contaminaci√≥n de los oc√©anos #RT #DisfrutarLaVidaEs #FelizMartes  @SEMARNAT_mx @Conabio @PROFEPA_Mx https://t.co/ElWvav4cou",19.380613,-99.1614805,positivo,0,No Depresi√≥n,Ciudad de M√©xico
599592,@Marco_NY23 Lo bueno que ya falta poquito. Cuando vas a venir a la Sincro gal√°n,19.432836,-99.153366,positivo,0,No Depresi√≥n,Ciudad de M√©xico
543556,"@cultorocom @Mahierro @EmilioTrigo @LSOlmedo @pablolopezriobo @MaxiToroSL Jesulin sigue haciendo de las suyas, lidiando animalitos sin ning√∫n trap√≠o y evidentemente pasados por el barbero. Y lo peor es q lo hace sin ninguna verg√ºenza...",19.2755645,-99.2645265,positivo,0,No Depresi√≥n,Ciudad de M√©xico
762201,"Con la #hermosa #mu√±eca de cuerda (p/ entendidos en mquienbailamx ) @SaraCorraless, qu√© #sorpresa conocerla un poco m√°s!! #gran #mujer y #serhumano.. Y con el #hombre #mas deseado de‚Ä¶ https://t.co/bbJcKCxAmM",19.3449593,-99.2027893,positivo,0,No Depresi√≥n,Ciudad de M√©xico
576369,"Sobre la muerte asistida.   Vivir m√°s no significa necesariamente vivir bien... En realidad, cada d√≠a que pasa nos morimos un poco...   No dejen de leer el siguiente texto.  ¬øQu√© opinan?  https://t.co/o0f3a32WZ7  #psicolog√≠a #psicoterapia #psicoan√°lisis #psic√≥logo #psicoanalista",19.328383,-99.15234,positivo,1,Depresi√≥n,Ciudad de M√©xico
713313,"Fortalezca sus valores, que buena falta le hace y deje en paz a la gente; la moral no es asunto de estado ni de gobiernos. ¬°Nom√°s eso nos faltaba!",19.4299345,-99.2115105,negativo,0,No Depresi√≥n,Ciudad de M√©xico
364593,Eleh de mi corasound. https://t.co/pFhuvlEW1U,19.318042,-99.2480095,positivo,1,Depresi√≥n,Ciudad de M√©xico
108621,"Lipoescultura de alta definici√≥n Paciente: femenino Cirug√≠a: Lipoescultura de alta definici√≥n, marcaci√≥n abdominal, aumento de gl√∫teo con grasa propia 850cc en‚Ä¶ https://t.co/NoMRBqw2V9",19.4326,-99.1332,neutro,0,No Depresi√≥n,Ciudad de M√©xico
847721,"Menos de 24 horas de cirug√≠a y el Pepe est√° al tiro. De verdad que es incre√≠ble, mandando al traste todas las escalas pron√≥sticas y hasta al sentido com√∫n...  De verdad, qu√© gusto.  De verdad, qu√© asombrosa es la recuperaci√≥n de los ni√±os. ü§ì",19.432836,-99.153366,positivo,0,No Depresi√≥n,Ciudad de M√©xico
366303,Hoy cuesta $839.6 llenar un tanque de 40 litros!!! Est√° en $20.99,19.4299345,-99.2115105,positivo,0,No Depresi√≥n,Ciudad de M√©xico
794700,Estoy tan pendeja que se me va a olvidar lo de Benito Ju√°rez en los billetes y voy a pagar con el de $500.00 y me van a ver la caradest√∫pida.,19.328383,-99.15234,negativo,1,Depresi√≥n,Ciudad de M√©xico
351570,Si por favor!! Me hace falta!! https://t.co/khEUvMfmxp,19.4320755,-99.087817,positivo,0,No Depresi√≥n,Ciudad de M√©xico
261055,¬°Tenemos tickets para los KIDS CHOICE AWARDS M√âXICO 2018! https://t.co/1NZL7gKzhk,19.318042,-99.2480095,positivo,0,No Depresi√≥n,Ciudad de M√©xico
560792,"Me: Quiero una relaci√≥n seria. La puteria: ¬øme escuchasss?, me oyeees?, ¬øme sienteeesss?",19.380613,-99.1614805,positivo,0,No Depresi√≥n,Ciudad de M√©xico
696172,Comiendo en Caf√© Urbano en Presidente InterContinental Mexico City https://t.co/bWK08AYuJo,19.42750473,-99.19358851,positivo,0,No Depresi√≥n,Ciudad de M√©xico
660224,@Berenice_Sex No dejes pasar la oportunidad de conocer a esta bella dama  üôÉüåπüåπüåπ,19.380613,-99.1614805,positivo,0,No Depresi√≥n,Ciudad de M√©xico
417966,Centro de Evaluaci√≥n AREA ¬°Atenci√≥n Terapeuta! Mejora tu oportunidad de empleo y desarrollo!. Eval√∫amos con fines de Certificaci√≥n en t√©cnicas de masaje sin importar c√≥mo adquiriste tus conocimientos y habilidades. Documento Oficial avalado por la SEP.  https://t.co/zHoWAgqyFs https://t.co/muqvCRjLUA,19.432836,-99.153366,positivo,0,No Depresi√≥n,Ciudad de M√©xico
505098,@LMHMedellin @PGJDF_CDMX @elpelao2 Para eso no tienen respuesta,19.328383,-99.15234,negativo,0,No Depresi√≥n,Ciudad de M√©xico
87861,@vicentegtz @abogadodemaria Tengo curiosidad ¬øQu√© le habr√° contestado el Papa a este ex homosexual? ¬øO tal vez le dio like o hasta rt?,19.380613,-99.1614805,neutro,0,No Depresi√≥n,Ciudad de M√©xico
535003,Twitter Hoy es  Domingo de Wendy  dedicado a la Absurda y preciosa cara de cejas pobladas de mi @wengonzalez Salinas https://t.co/j8mvjg33Rg,19.380613,-99.1614805,positivo,0,No Depresi√≥n,Ciudad de M√©xico
651912,"Que onda con muestras leyes,y si yo rrobara unas donitas bimbo m√≠nimo me dan cinco a√±itos de c√°rcel",19.328383,-99.15234,negativo,0,No Depresi√≥n,Ciudad de M√©xico
336614,botas de ¬´nunca me ver√°s descalza¬ª @ Revista Algarab√≠a https://t.co/bRtNqdchzE,19.38832,-99.15828,negativo,0,No Depresi√≥n,Ciudad de M√©xico
283246,@vvaleeee de donde saldr√°? ni aqu√≠ en mx ay tanto corriente,19.432836,-99.153366,negativo,0,No Depresi√≥n,Ciudad de M√©xico
145520,"@MZapler Jajajaja nada, chelipemundo es un aliado",19.4299345,-99.2115105,positivo,0,No Depresi√≥n,Ciudad de M√©xico
530939,No te pierdas  Tirador  en Netflix https://t.co/R9SHCgVDXV,19.3427885,-99.050461,neutro,0,No Depresi√≥n,Ciudad de M√©xico
120432,@Potropegaso21 Es cuando juega el ‚ÄúCient√≠fico del Gol‚Äù - Darwin Quintero ?? Es pregunta üòÇüòÇüòÇ,19.328383,-99.15234,positivo,0,No Depresi√≥n,Ciudad de M√©xico
368853,@Gromit___ La primer pendejita de santa f√© que se le acerque a un chairo a darle un chocolate fuera del zoo de Chapultepec va a recibir viol√≠n y secuestro.,19.318042,-99.2480095,positivo,0,No Depresi√≥n,Ciudad de M√©xico
596417,"@moy_etito Esas son outsourcing, no? Pero las checo, ya tengo que cambiar de chamba.",19.4857835,-99.182126,neutro,0,No Depresi√≥n,Ciudad de M√©xico
130496,Hoy que se hace ?,19.199485,-99.208364,neutro,0,No Depresi√≥n,Ciudad de M√©xico
92572,@eldlacamararoja Nadie dijo que sea malo ni bueno,19.3427885,-99.050461,negativo,0,No Depresi√≥n,Ciudad de M√©xico
3513,"Wey qu√© pedo con la gente que quiere que me duerma a las 9 de la noche. Wey, soy milenial y estoy de vacaciones. üôÑ",19.318042,-99.2480095,negativo,0,No Depresi√≥n,Ciudad de M√©xico
264111,"@OlegAraveug @RichRuiz_ En efecto, p√≥ngase vergas!",19.399101,-99.096496,positivo,0,No Depresi√≥n,Ciudad de M√©xico
239940,"No tengas miedo de volar, nada te va a lastimar !",19.380613,-99.1614805,negativo,0,No Depresi√≥n,Ciudad de M√©xico
279388,@miriamrascol @RMXradio #InterpolRMX Interpol - Manos Lentas Julio C√©sar M√°rquez Jim√©nez https://t.co/d9Ew7vSvUm,19.328383,-99.15234,neutro,0,No Depresi√≥n,Ciudad de M√©xico
