"Date","Text","Latitude","Longitude","Sentiment"
"2021-03-01 00:33:24-06:00","@lopezdoriga @HLGatell OjalÃ¡ mejore, perro muchas veces no usa cubrebocas y se va de vacaciones a restaurantes tambiÃ©n sin cubrebocas","19.4857835","-99.18212600000001","neutro"
"2021-03-01 09:35:39-06:00","Siento que estoy a dos meses de lograr mi estÃ³mago de lavadero inicial, si el destino me lo permitÃ© llegarÃ© a mis primeras vacaciones fuera de MÃ©xico muy majo en pleno verano a compartirlos ğŸ˜ con todos los que me gusten gggg.","19.432836","-99.153366","positivo"
"2021-03-01 09:39:48-06:00","Alguien para casarnos y me den 5 dÃ­as de vacaciones en el trabajo? ğŸ˜£","19.318042","-99.24800950000001","positivo"
"2021-03-01 11:51:31-06:00","Hoy no tengo ganas de nada... De verdad de nada... DebÃ­ haber pedido vacaciones para hacerme pndja todo el dÃ­a hoy...","19.518656","-99.1158905","negativo"
"2021-03-01 13:53:01-06:00","DÃ­a uno en la vida de seÃ±ora ama de casa: estÃ¡ pesao', necesito vacaciones ğŸ˜“","18.933812","-99.260819","negativo"
"2021-03-01 15:08:00-06:00","Alistando las maletas??? Y quieres un poco de dinero para completar para las vacaciones? LIBERTAD Prenda Oro sucursal Palma te ayuda. EmpeÃ±a tus ALHAJAS y vuelve a recuperarlas!!! Te ofrecemos, las mejores opciones","19.432836","-99.153366","positivo"
"2021-03-01 16:44:19-06:00","@Alexalvbo @JesusDeLeonMD Claro se puede juzgar y seÃ±alar la incompetencia de Gatell, sus discursos contradictorios, decir que era una simple gripe y que el cubrebocas no servia, irse de vacaciones, avalar lo que dice Andres mientras la gente en ambulancias, clÃ­nica y hospitales se la parte.","19.4299345","-99.2115105","negativo"
"2021-03-01 19:32:08-06:00","No me importa, uno metido en el covid sin vacaciones, me las merezco?","19.4320755","-99.087817","negativo"
"2021-03-01 21:00:47-06:00","@LlergoG Solamente tu puedes valorar la contribuciÃ³n de alguien en tu hogar. LeÃ­ muchos comentarios, lamentables casi todos, diciendo cuanto pagan al personal d servicio. Ninguno expresÃ³ si tienen seguro social, Infonavit, plan de retiro, vacaciones pagadas, etc Al sueldo debes sumar esto","19.328383000000002","-99.15234000000001","negativo"
"2021-03-01 21:13:44-06:00","@nans_yeri SÃ³lo esta de vacaciones, dejo a este indefenso hijo sÃ³lito en casa :( jaja","19.8533755","-98.9642575","negativo"
"2021-03-01 21:29:39-06:00","Oficialmente ya estoy en las vacaciones forzadas, ahora... https://t.co/7hR04XbmsD","19.2623115","-99.00501849999999","neutro"
"2021-03-01 23:09:04-06:00","Hoy me autorizaron mis vacaciones, y pues estoy feliz porque lo veo como una oportunidad para consentirme, descansar y definir cambios importantes en mi vida.","19.0322295","-98.1542665","positivo"
"2021-03-01 23:17:23-06:00","Les vale madre, pero me sorprende mÃ¡s la madre que les vale a los que de verdad han vivido la pandemia en su faceta mÃ¡s cruel en carne propia, que ni por respeto a sus muertos le bajan a la peda y a las vacaciones. En fin, por lo menos ya sabemos a quienes no acercarnos.","19.3184175","-98.24676550000001","negativo"
"2021-03-02 07:14:21-06:00","@DraKarenRosale1 Ya andas aquÃ­ o sigues en la vacaciÃ³n?","19.199485","-99.208364","neutro"
"2021-03-02 07:15:30-06:00","Es increÃ­ble ver como en mi IG muchas de las gentes que sigo, muchos conocidos y algunos no, suben fotos de sus â€œvacacionesâ€ y todos los lugares donde estÃ¡n, estÃ¡n hasta el gorro de gente y sin protecciÃ³n ...","19.199485","-99.208364","negativo"
"2021-03-02 08:04:03-06:00","@DraKarenRosale1 Muy mal!!! Te hubieras aventado mÃ¡s de vacaciÃ³n!!!","19.199485","-99.208364","negativo"
"2021-03-02 08:54:03-06:00","SÃ­ me dieron vacaciones de mi vida de ama de casa, saludos âœŒğŸ» https://t.co/fCqIFEqrzF","19.4320755","-99.087817","positivo"
"2021-03-02 10:03:32-06:00","El dÃ­a que salga de vacaciones no quiero saber nada del trabajo. No serÃ­a justo estarme estresando cada vez que suenan las notificaciones y de nada serviria silenciarlos.","20.0567145","-99.384564","negativo"
"2021-03-02 12:22:27-06:00","@VivaAerobus Listos para planear las vacaciones #VivaPadrinos","19.432836","-99.153366","positivo"
"2021-03-02 15:06:37-06:00","Ocupo vacaciones de mis vacaciones #destruyido","19.4299345","-99.2115105","negativo"
"2021-03-02 15:54:06-06:00","Ya falta poco, por favor aguanten para que esta sea la Ãºltima vacaciÃ³n que nos quedamos encerrados y no la primera de otras 10! #semanasanta #vacaciones #QuedateEnCasa","19.199485","-99.208364","negativo"
"2021-03-02 17:16:07-06:00","@Luis_C_Sandoval Ctpm te vas de vacaciones! Tan fÃ¡cil que es decir eso ! Ya estÃ¡s vacunado !","19.4299345","-99.2115105","negativo"
"2021-03-02 17:26:21-06:00","3/3 #AlmeidaEsmeralda #Viajes #Turismo #Viajero #Mundo #Vacaciones #Destinos #Traveling #Peru #Costarica #Colombia #Cartagena #Orlando #SanFrancisco #LasVegas #NewYork #Playadelcarmen #Barrancasdelcobre #SemanaSanta2021 https://t.co/Iqd7TvVwHK","19.473793999999998","-99.310428","positivo"
"2021-03-02 21:04:37-06:00","Llevo dos dÃ­as de desempleo y ya estoy al borde de la demencia.  Lo que necesito son vacaciones:  Nada que una semana en la playa no pueda resolver ğŸ™Š TendrÃ© que irme a Merida ğŸ¤·ğŸ»â€â™€ï¸ https://t.co/QzlPSUgj4g","19.199485","-99.208364","negativo"
"2021-03-03 01:46:41-06:00","@Excelsior Ya Es tiempo de dejar las vacaciones y la simulaciÃ³n!  Ya pÃ³ngase serio! Ya desquite el sueldo!  Ya pÃ³ngase a trabajar.","19.318042","-99.24800950000001","negativo"
"2021-03-03 07:29:59-06:00","Bien Sr.Presidente. deberÃ­a contemplar darse una escapadita su rancho ahora en las vacaciones de semana Santa","19.0322295","-98.1542665","neutro"
"2021-03-03 09:06:50-06:00","Al final al gobierno no le importa, si alguno de nosotros o algÃºn familiar esta sufriendo por hospitalizaciÃ³n o por oxigeno, NO SALGAS DE VACACIONES POR FAVOR!","19.380613","-99.1614805","negativo"
"2021-03-03 09:42:47-06:00","@Eduardvet @CARLOSLGUERRERO @clubleonfc @TigresOficial No, no tuvieron menos vacaciones. Tuvieron mÃ¡s tiempo para preparar, que sus decisiones hayan Sido radicales es diferente. En el caso de CA menospreciaron, la mayorÃ­a, el trabajo de Reynoso...ahÃ­ estÃ¡, callando bocas.  No sÃ© vayan por la fÃ¡cil.","19.0322295","-98.1542665","negativo"
"2021-03-03 10:36:35-06:00","Ahora que fui de vacaciones con mis amigas, se sorprendieron que para mÃ­ es normal ir al baÃ±o ğŸš¾, de 2 a 3 veces al dÃ­a. Por eso soy delgado jaja.  Â¿Uds cuÃ¡ntas veces van?ğŸ¤”","19.564587500000002","-99.269192","negativo"
"2021-03-03 11:47:32-06:00","@AlfredoGBasurt0 @GueraUgalde WOW ya me sabÃ­a esa de que mudan a la gente o la mandan de vacaciones, a mi me han inventado  no tener interÃ©s en el proyecto  pero Â¿MATARTE? Â¿en serio? No lo puedo creer.","19.380613","-99.1614805","negativo"
"2021-03-03 11:55:56-06:00","@DamarisFany Seamos. Sigo baÃ±Ã¡ndome de vuelta a casa, desinfectando las compras, usando cubrebocas y todo lo demÃ¡s... No entiendo la gente que sale de vacaciones o a nada sÃ³lo para correr riesgos.","19.518656","-99.1158905","negativo"
"2021-03-03 12:03:16-06:00","@el_zarcas No andabas de vacaciones??","19.432836","-99.153366","negativo"
"2021-03-03 13:39:53-06:00","Unas vacaciones â™¥ï¸","19.432722","-99.01701650000001","positivo"
"2021-03-03 15:55:45-06:00","3/3  https://t.co/342LzYcoEs  #AlmeidaEsmeralda #Viajes #Turismo #Viajero #Mundo #Vacaciones #Destinos #Traveling #Peru #Costarica #Colombia #Cartagena #Orlando #SanFrancisco #LasVegas #NewYork #Playadelcarmen #Barrancasdelcobre #SemanaSanta2021 https://t.co/0ZJfpIfgYi","19.564587500000002","-99.269192","positivo"
"2021-03-03 17:08:41-06:00","&gt;Muy pronto ya no solo vendrÃ¡s de vacaciones a CancÃºn, sino tambiÃ©n a visitar tu prÃ³ximo lote. &gt;PrÃ³xima venta de terrenos a 25 minutos de Puerto Morelos. #lotes #lotesenventa #terrenos #lotesencancun #ventadelotes #terrenosencancun #terrenosenventa https://t.co/FwwNnhlcUb","19.518656","-99.1158905","positivo"
"2021-03-03 19:45:19-06:00","Me urge irme de vacaciones ğŸ¥º","19.199485","-99.208364","indeterminado"
"2021-03-03 21:04:10-06:00","Simple denle vacaciones de semana santa y verÃ¡n pa mayo","19.380613","-99.1614805","neutro"
"2021-03-03 21:13:04-06:00","Si yo puedo irme de vacaciones a la playa por quÃ© tÃº no en  Bahias De Huatulco Oaxaca  https://t.co/1rnFzijKHa","19.530755","-99.08560501","positivo"
"2021-03-03 21:21:03-06:00","En semana santa saldrÃ¡s de vacaciones","19.380613","-99.1614805","positivo"
"2021-03-04 09:26:01-06:00","Un dÃ­a eres joven y al otro te enfermas regresando de vacaciones porque no aguantas el cambio de clima #ValgoVerga","19.564587500000002","-99.269192","negativo"
"2021-03-04 09:35:29-06:00","Que empiece la vacaciÃ³n Mid-Pandemia ğŸ˜ (@ Viport Lounge in Ciudad de MÃ©xico, CDMX w/ @tennibel) https://t.co/9CnN6L4Ap2","19.432801","-99.086616","positivo"
"2021-03-04 10:03:49-06:00","Oigan no salgan de vacaciones en Semana Santa, porque otra vez me van a cagar el pinche cumpleaÃ±os, por culpa del bicho!","19.199485","-99.208364","negativo"
"2021-03-04 10:10:03-06:00","â€œLa gente infiel nunca cambia, solo toma vacacionesâ€","19.4299345","-99.2115105","negativo"
"2021-03-04 11:34:07-06:00","Que bueno que finalmente tienes vacaciones se va a extraÃ±ar tu vox","19.380613","-99.1614805","negativo"
"2021-03-04 12:04:43-06:00","Me urge una puti-vacaciÃ³n ğŸ–ğŸ”¥ Â¿quiÃ©n jala? â˜ºï¸ğŸ˜","19.380613","-99.1614805","positivo"
"2021-03-04 14:24:57-06:00","#vacaciones https://t.co/tjEYztyDH8","19.432722","-99.01701650000001","positivo"
"2021-03-04 15:17:55-06:00","@veloceronte Le habÃ­a dado â€œcovidâ€ segÃºn ... creo ya estÃ¡ de vacaciones, de hecho sus otros dos lacayos tambiÃ©n andan en fuga, la gÃ¼era que segÃºn fue violentada pero fue una operaciÃ³n estÃ©tica mal realizada y el pirata que estÃ¡ contendiendo por Morena en no se que madre.","19.199485","-99.208364","negativo"
"2021-03-04 16:25:44-06:00","@AristeguiOnline Cabro!!!!??  tu llevas de vacaciones toda tu vida !!!??","19.133485999999998","-98.28600399999999","negativo"
"2021-03-04 18:03:15-06:00","Para estas vacaciones con Afasa si te lo puedes llevar a la playa https://t.co/uGW264deeM","19.380613","-99.1614805","positivo"
"2021-03-04 18:22:31-06:00","Me emocionan los puentes y que se acerca Semana Santa... un poco de vacaciÃ³n para relajarme de las chingas diarias de la chamba ğŸ¤—ğŸ¤—ğŸ¤—ğŸ¤—ğŸ¤—ğŸ¤—","19.518656","-99.1158905","positivo"
"2021-03-04 18:37:05-06:00","Como los chilangos nos #QuedamosEnCasa y para que no extraÃ±emos salir de vacaciones, ya nos trajeron el calor aquÃ­ ğŸ¥µ","19.318042","-99.24800950000001","negativo"
"2021-03-04 20:27:41-06:00","Se quejan por ser su jefe, tomo 4 semanas de vacaciones y ahora me piden que ya regrese porque al que dejÃ© a cargo ya no pueden con el ademÃ¡s de que tienen muchas broncas en la oficina... Â¡Â¡solo 4 semanas!!, quien los entiende ğŸ¤·ğŸ»â€â™‚ï¸ğŸ¤¦ğŸ»â€â™‚ï¸","19.318042","-99.24800950000001","negativo"
"2021-03-04 20:59:22-06:00","Nada! Un aÃ±o y no hemos aprendido nada.  AquÃ­ a la gente le vale, hace fiestas, se va de vacaciones, menosprecia el uso de cubrebocas y da prioridad a un jueguito de baseball. Â¿Verdad mi doctor muerte @HLGatell y @lopezobrador_?","19.380613","-99.1614805","negativo"
"2021-03-04 21:06:11-06:00","@brozoxmiswebs No van a exhibir ni madres, pinches vacaciones disfrazadas","19.133485999999998","-98.28600399999999","negativo"
"2021-03-05 05:37:54-06:00","Vacaciones con los abuelos â¤ï¸","19.601820500000002","-99.7966595","positivo"
"2021-03-05 06:19:49-06:00","Que este primer viernes del mes sea de todo me os excusas, estamos a dÃ­as de las vacaciones! . . . . #friday  #desplantes  #entrenamiento  #actividadfisica  #ejecicio en Army Gym https://t.co/R23kideF50","19.39812361","-98.9891434","positivo"
"2021-03-05 07:15:02-06:00","DespuÃ©s de estar trabajando casi un mes en Acapulco (instalando 5G) mi yerno Ingeniero me mandÃ³ esto, ni se habÃ­a acercado al mar y preguntÃ©: - y que tal, hay gente? Y me dijo: -lleno! Y sin cubrebocas ğŸ¤¦ğŸ¼â€â™€ï¸y le digo: hÃ¡zte pa'llÃ¡ ğŸ˜± hace 5 dÃ­as @AleMondras imagina en vacaciones ğŸ¤·â€â™€ï¸ https://t.co/wVgOYhBxyb","19.1193045","-98.26134149999999","neutro"
"2021-03-05 08:39:52-06:00","#friday #fridayfun #fridayfeeling #fridayvibes #fridaymood #weekend #beach #vacationmode #vacationmode #vacaciones #tgif #workhardplayhard #beathriveholictoo #survive #strive #thrive https://t.co/a8cYPBQR5Q","19.318042","-99.24800950000001","positivo"
"2021-03-05 09:41:39-06:00","Perros dejen terminar mi cafÃ© y luego ya me mandan sus juntas post vacaciones Alv ... https://t.co/iZQcEFmn03","19.432836","-99.153366","negativo"
"2021-03-05 11:43:36-06:00","TRAIGAN LAS PINCHES VACACIONES DE SEMANA SANTA YAAA.","19.0322295","-98.1542665","positivo"
"2021-03-05 12:17:23-06:00","7 dÃ­as de vacaciones jajaja vale verga.","20.053718500000002","-98.7155595","positivo"
"2021-03-05 13:11:37-06:00","3/3 Whastapp:  5553081785    Detalles: https://t.co/342LzYcoEs  #AlmeidaEsmeralda #Viajes #Turismo #Viajero #Mundo #Vacaciones #Destinos #Traveling #Peru #Costarica #Colombia #Cartagena #Orlando #SanFrancisco #LasVegas #NewYork #Playadelcarmen #Barrancasdelcobre #Semanasanta https://t.co/m5QEENzJUO","19.473793999999998","-99.310428","positivo"
"2021-03-05 14:19:52-06:00","@blanchepetrich Y ya viene la semana Santa y las vacaciones de los niÃ±os!!!  Y otra vez la gente se reunirÃ¡ en las playas y subirÃ¡n contagios y hospitalizaciones? No!! ğŸ˜¬ğŸ˜¬ğŸ™„â˜¹","19.380613","-99.1614805","negativo"
"2021-03-05 16:16:41-06:00","Hice a kriss player Dory aniita  acua alanita maru y a meme un foto de marco de artistas amigos para que extraÃ±en o se van de vacaciones por favor no lloren plis les gusta ? @Kriss_go_draw  @Player_Dreemurr  @DoryComeHere  @aniitaruizz5  @Acua_Himeko  @AlanitaPerez  @MaruSan7890 https://t.co/sIixemGjxt","19.342788499999997","-99.050461","neutro"
"2021-03-05 20:36:34-06:00","Al fin se terminÃ³ esta semana. Cada vez mÃ¡s cerca de las vacaciones... a una semana! ğŸ˜ https://t.co/OKBbysZoRW","19.518656","-99.1158905","positivo"
"2021-03-05 20:56:38-06:00","Lo Ãºnico que quiero hacer en mis vacaciones es estar acostada abrazando a fiona, en espera de los chuerkitos","19.318697","-99.30558049999999","positivo"
"2021-03-05 22:30:41-06:00","Â¿CuÃ¡ndo comienzan las vacaciones de Semana Santa 2021? MÃ¡s vacaciones? La plandemia solo ha beneficiado a burrocrÃ¡tas, maestros? y holgazanes, de seguir asÃ­, como Salinas Pliego vamos a morir de hambre https://t.co/dyY4yvs4oS","19.328383000000002","-99.15234000000001","negativo"
"2021-03-05 22:42:24-06:00","@LuisAlb61813587 QuÃ© bien! Disfruta tus vacaciones ğŸ¤˜ğŸ¼","19.380613","-99.1614805","indeterminado"
"2021-03-05 23:57:45-06:00","@EduardoLujann Disfruta las vacaciones ğŸ™ŒğŸ½","19.564587500000002","-99.269192","positivo"
"2021-03-06 00:22:14-06:00","@joonathanram O sea si pero tambiÃ©n en guardias pero wey, aÃºn tengo muchos dÃ­as de vacaciones pendientes y pues hay que usarlos antes de que se mamen pueeeee ğŸ¤­ğŸ¤·ğŸ»â€â™€ï¸","19.328383000000002","-99.15234000000001","negativo"
"2021-03-06 00:50:14-06:00","Ya casi se acaban mis vacaciones y fue la mejor semana del aÃ±oğŸ’•","19.0322295","-98.1542665","positivo"
"2021-03-06 00:57:06-06:00","Ya casi se acaban mis vacaciones y fue la mejor semana en lo que va del aÃ±oğŸ’•","19.0322295","-98.1542665","positivo"
"2021-03-06 09:24:59-06:00","Que estas prÃ³ximas vacaciones no pasen desapercibidas y si bien lÃºcidas, No olvides cuidarte hoy sÃ¡bado ya que la grasa no se quita con detergente!. . . . . . #vacasiones  #entrenamiento  #hits  #cardio #salud https://t.co/GzUHMQ9N1D","19.39812361","-98.9891434","positivo"
"2021-03-06 09:44:07-06:00","Desde cuando no irte de vacaciones por la pandemia es quedarte inmobil un aÃ±o?","19.342788499999997","-99.050461","negativo"
"2021-03-06 10:19:45-06:00","@beltrandelrio QuizÃ¡s sÃ³lo lo castigaron por estar fallando la estrategia electoral, digo, de vacunaciÃ³n, como cuando a los locutores les daban vacaciones por regarla en algÃºn comentario y como saben que lo suyo lo suyo es el reflector, se lo quitan un rato #Gatell","19.0322295","-98.1542665","negativo"
"2021-03-06 10:42:23-06:00","@RamirezClaudia_ @HLGatell Tienes razÃ³n !!! Le dieron vacaciones ya estaba muy quemado y habÃ­a que refrescar el discurso y asÃ­ cuando regrese ya tendremos tema !!!","19.626005","-99.09030349999999","positivo"
"2021-03-06 12:09:21-06:00"," Los sueÃ±os tienen un significado  Mi sueÃ±o: *Estoy de vacaciones en CancÃºn y de repente se aparece Eren Jeager para hacer el retumbar y yo me pongo a llorar porque ya me arruinÃ³ el descanso*","18.902124","-98.4531485","negativo"
"2021-03-06 16:33:29-06:00","Se acabaron las vacaciones ğŸ¥º","19.0322295","-98.1542665","negativo"
"2021-03-06 20:06:26-06:00","@RamirezClaudia_ Estas equivocada, somos mucho mÃ¡s que los chairos, solo es convencer de votar unidos y de no ser apÃ¡ticos, en 2018 mucha gente prefiriÃ³ salir de vacaciones en la fecha de votaciÃ³n y ahora estamos viviendo ese vale Madrismo tÃ­pico de los mexicanos, asÃ­ que hay que difundir ğŸ‘","19.318042","-99.24800950000001","negativo"
"2021-03-07 07:15:47-06:00","@luisitowisper Ante la falta de F1 y deportes en general me di vacaciones de Twitter porque aquÃ­ el tema polÃ­tico ya harta mas que el de la Pandemia no escriben mÃ¡s que de eso como si pudieran derrocar un gobierno a tuitazos en fin por aquÃ­ andamos y el whats amigo.","19.0322295","-98.1542665","negativo"
"2021-03-07 13:57:17-06:00","@J_JoSalaz Pero ya casi salgo de vacaciones dos meses ğŸ˜","19.543933000000003","-99.1642825","positivo"
"2021-03-07 14:23:31-06:00","@antonioguez60 @arr1910 @SAUL64338661 @lopezobrador_ @RicardoAnayaC ğŸ¥µğŸ¤·â€â™€ï¸Siii . Y tal vez entonces; ya tenia viviendo Ã² d vacaciones en U S A  a sus inÃºtiles gÃ¼evones hijos!! No dije ESTUDIANDO Ã² TRABAJANDO. Por que los millonarios descendientes de LÃ³pez, no hacen labores de â€œneoliberalesâ€ d â€œoposiciÃ³nâ€ ğŸ’”ğŸ‡²ğŸ‡½ğŸ’”ğŸ˜·","19.318697","-99.30558049999999","negativo"
"2021-03-07 22:13:18-06:00","@lydiacachosi TambiÃ©n perdiste la memoria! Lidya ? No solo se blindaron con cientos de guardias,los gobiernos PRIANISTAS,no asomaban la cabeza cuando habÃ­a problemas se iban de gira o de  vacaciones  ! Alguna vez alguien llegÃ³ a los Pinos.? No atacaban Palacio Nacional xq nadie patrocinaba eso","19.342788499999997","-99.050461","negativo"
"2021-03-08 10:09:12-06:00","@fan_de_spainrp @lube_mora @Ateneam  VACACIONES  JAJAJAJAJAJAJA","19.56828","-99.0444445","neutro"
"2021-03-08 11:10:14-06:00","@lugowolf Dos ya estÃ¡n programados para trabajo y los otros si me los voy a tener q chingar en unas vacaciones","19.328383000000002","-99.15234000000001","negativo"
"2021-03-08 11:12:46-06:00","@fan_de_spainrp @lube_mora @Ateneam JAJAJAJ si eres ğŸ¤¡ DÃ¡ndole mÃ¡s importancia a las prÃ³ximas  vacaciones  que vivir en un paÃ­s feminicida. ğŸ‘ğŸ»","19.518656","-99.1158905","positivo"
"2021-03-08 12:12:36-06:00","@fan_de_spainrp @lube_mora @Ateneam Aww es que se me olvidÃ³ q nada mÃ¡s en MÃ©xico matan y violan mujeres, q estas protestas son solo para las mexicanas y no por todas las mujeres que literal estamos expuestas donde sea, todo el tiempo. ğŸ™‚ anda! ve planeando las vacaciones en tu burbuja machista de mierda.","19.4857835","-99.18212600000001","negativo"
"2021-03-08 16:02:47-06:00","Â¡DespuÃ©s de unas merecidas vacaciones, aquÃ­ estamos de vuelta!!ğŸ˜â˜€ï¸ https://t.co/RoyxjIxIw3","19.529905","-99.208578","positivo"
"2021-03-08 17:44:24-06:00","Cuando tu guardia completa sale de vacaciones, y te quedas solo estrenando el R1 en urgencias. https://t.co/wMr7nBVCtI","19.0322295","-98.1542665","neutro"
"2021-03-08 18:22:20-06:00","No es que me han valido madre las clases, es que preferÃ­ disfrutar las vacaciones que me di","19.4299345","-99.2115105","negativo"
"2021-03-08 23:12:47-06:00","@Allytoooo Son unas vacaciones de TODO lo que me afecta. :c Pero por salud mental deberÃ­as hacerlo. ğŸ™ğŸ½ Para ser sincera me he sentido mejor de lo que pensaba, extraÃ±o los memes, pero vamos bien. ğŸ¥°","19.0322295","-98.1542665","negativo"
"2021-03-09 03:01:49-06:00","Alguien sabe cÃ³mo estÃ¡ ese deal de vacaciones y vacuna igual y si me aviento un mesesin en los NewYorks, por que aquÃ­ fÃ¡cil 2024","19.380613","-99.1614805","neutro"
"2021-03-09 10:03:39-06:00","#YaVieneElPuenteY vamos a valer verga de nuevo, seguirÃ¡ la tercer ola de contagios y nos volverÃ¡n a cerrar todo, y todo gracias a la gente pendeja que no se puede esperar otro poco para ir de vacaciones ğŸ™„ğŸ™„","19.342788499999997","-99.050461","negativo"
"2021-03-09 10:35:01-06:00","@Larry_A_Ta Vamos por un tramite legal, no son vacaciones.","19.380613","-99.1614805","positivo"
"2021-03-09 11:25:25-06:00","@PantinKarem @DrPacoMoreno1 @HLGatell Es que el Dr Gatell lo toma coml vacaciones","19.4299345","-99.2115105","neutro"
"2021-03-09 12:19:38-06:00","Y que?? Ya se estÃ¡n preparando para sus p@&amp;)% vacaciones de Semana Santa??? ğŸ¤¬ğŸ¤¬","19.473793999999998","-99.310428","negativo"
"2021-03-09 13:55:11-06:00","@0Kaleb2 Cuando tienes vacaciones bb?","19.432836","-99.153366","neutro"
"2021-03-09 16:57:34-06:00","@OscarSaMo3 Andaba nadando en mis vacaciones y tome la foto","19.0322295","-98.1542665","positivo"
"2021-03-09 18:04:25-06:00","Creo que si me urgen unas vacaciones para no matar gente!","19.0322295","-98.1542665","negativo"
"2021-03-09 20:52:41-06:00","@SimonDePiedra De por sÃ­ cual trabajo ? Mejor que siga en sus vacaciones","18.933812","-99.260819","negativo"
"2021-03-10 08:54:19-06:00","P*co de Migu3l se la vive yÃ©ndose de vacaciones a la playa. Wtf?","19.4857835","-99.18212600000001","neutro"
"2021-03-10 12:43:34-06:00","#MiercolesDeNostalgia ya viene la quincena y puente... a donde de vacaciones??? Jajaja @YODEBUENAS @Juanenla99 @AbregoMike @_ImGeorge11 @_Malchiste https://t.co/x90KWzzgrl","18.886686500000003","-99.1686505","positivo"
"2021-03-10 17:29:48-06:00","Hija de #AlejandroFernandez embaraza vuelve a #tiktok luego de una crisis de placenta #CamilaFernandez vuelve a sonreir...  #mamÃ¡ #bebÃ© #guadalajara #vacaciones #cantante #miercoles  #chismeenvivo #vamooo #mexico #losangeles #miami #noticias #conductor #cantante #showbiz https://t.co/j5rEPpslg6","19.4299345","-99.2115105","positivo"
"2021-03-10 17:47:58-06:00","Faltan pocos dÃ­as para comenzar con nuestra preventa de #lotes en #CancÃºn, justo a  25 minutos de #puertomorelosğŸŒ´â¤ï¸ y tÃº podrÃ¡s ser de los primeros en obtener grandes beneficios ğŸ™Œ  #plusvalia #hogar #patrimonio #terrenos #terrenosencancÃºn #familia #casadedescanso #vacaciones https://t.co/eU1UAW5SjB","19.518656","-99.1158905","positivo"
"2021-03-10 20:43:37-06:00","@Spaceman_Moon Yo tmb quisiera irme a la playa de vacaciones a cada rato","19.284321499999997","-99.655676","indeterminado"
"2021-03-10 21:23:15-06:00","No sÃ© cÃ³mo siguen defendiendo a Gatell. Anti-cubrebocas, vacaciones a la playa, caminatas cuando aÃºn es positivo, tratamiento oculto. Gente, en verdad!!","19.199485","-99.208364","neutro"
"2021-03-10 22:15:10-06:00","El Subsecretario de salud Federal, Hugo LÃ³pez Gatell sigue dando de quÃ© hablar... primero de vacaciones por Oaxaca y ahora de paseo en la Condesa, lo peor es que sigue siendo positivo a #Covid ğŸ¤¦ğŸ»ğŸ¤¦ğŸ½â€â™‚ï¸  #DoctorMuerte https://t.co/AlrIOgua4z","19.415496","-99.176927","neutro"
"2021-03-10 23:02:34-06:00","@esaneoliberal Pos estÃ¡bamos muy morros y con mucho tiempo libre. AdemÃ¡s varias eramos a distancia porque vivÃ­amos en distintas ciudades. ğŸ˜… Pero las vacaciones si eran un tema de logÃ­stica.","19.318042","-99.24800950000001","positivo"
"2021-03-10 23:11:49-06:00","@ednalemon Bueno... Para mÃ­ es eso.  Vivo en un lugar asÃ­ de elevado.  Entonces, playa para mÃ­ significa  VACACIONES , ademÃ¡s de la diferencia de climas https://t.co/jfi1bbKknR","19.4260765","-98.1218485","neutro"
"2021-03-10 23:18:50-06:00","@ednalemon AquÃ­ el aire es mÃ¡s puro (creo yo). Tenemos bosques...  Y hay tanto frÃ­o (-10Â°C y en primera 35, hasta 38Â°C) cÃ³mo calor  Y es emocionante ir de vacaciones a CancÃºn!!!","19.4260765","-98.1218485","positivo"
"2021-03-11 00:13:05-06:00","Wey tengo 22 dÃ­as de vacaciones y no he tomado ninguno ğŸ¤¡ğŸ¤¡ y estoy por cumplir otro aÃ±o y que me den 14 mÃ¡s","19.199485","-99.208364","negativo"
"2021-03-11 04:52:21-06:00","Que comience la vacaciÃ³n y la festejaciÃ³n  ğŸ‰ğŸ‚ğŸ’  #CancunHereWeGo ğŸ˜ğŸï¸ğŸ‘™","19.431224","-99.081101","positivo"
"2021-03-11 07:16:52-06:00","Send vacaciones â¤ï¸ğŸ™ŒğŸ»","19.0322295","-98.1542665","positivo"
"2021-03-11 07:34:53-06:00","@CarlosLoret AplicÃ³ la del kks, tomarse de vacaciones esos dÃ­as de  enfermo  para desatender obligaciones. A la chingada el pueblo y la naciÃ³n, primero mis vacaciones","19.4299345","-99.2115105","negativo"
"2021-03-11 08:26:50-06:00","Dos semanas mÃ¡s y VACACIONES!!!","19.432836","-99.153366","positivo"
"2021-03-11 11:20:34-06:00","Quince dÃ­as para salir de vacaciones!! ğŸ¥°","19.0322295","-98.1542665","positivo"
"2021-03-11 11:38:46-06:00","@soynicosastre @HLGatell El idiota quiere vacaciones!!!","19.399101","-99.09649599999999","negativo"
"2021-03-11 13:41:56-06:00","Yo pensando que ya me iban a correr por irme de vacaciones una semana y mi jefa diciendo que ya no puede vivir sin mi y me espera sin problemas awww amo aquÃ­. ğŸ¥°","19.318042","-99.24800950000001","negativo"
"2021-03-11 17:12:04-06:00","Estas vacaciones solo quiero ir al cerro ğŸ¥ºğŸ¥ºğŸ¥º","19.0322295","-98.1542665","negativo"
"2021-03-11 17:46:35-06:00","Se da por inaugurada la vacaciÃ³n ğŸ™ŒğŸ¼ que se arme âœ¨","19.432836","-99.153366","positivo"
"2021-03-11 18:28:53-06:00","No les pasa que justo cuando uno se va de #vacaciones se carga mÃ¡s la chamba, por?!?","19.399101","-99.09649599999999","negativo"
"2021-03-11 21:27:05-06:00","No sÃ© si necesito 1 mes de vacaciones, 1 botella de tequila para mi solita o morirme.","19.0322295","-98.1542665","indeterminado"
"2021-03-12 00:12:20-06:00","â€œRun Wild and Free Like A Waterfallâ€ ğŸƒğŸ•Š #Xcaret #Cancun2021ğŸŒ´â˜€ï¸ğŸŒŠğŸ‡²ğŸ‡½ #Desestres #Vacaciones https://t.co/eqQElTN7Go","19.315167","-99.124503","positivo"
"2021-03-12 06:13:18-06:00","Si piensas salir de VACACIONES tienes que saber que el #COVID19 sigue con nosotros y es mÃ¡s peligroso y contagioso que NUNCA, toma las cosas en serio usa Cubrebocas en todo momento; rompamos la cadena de contagios, la #CEDHTLAX â€œCONTIGO A DISTANCIAâ€ #Tlaxcala #12marzo #Felizfin https://t.co/04RqMwTY1w","19.3184175","-98.24676550000001","positivo"
"2021-03-12 08:01:30-06:00","Muy bien dÃ­a, ya #viernes y el dilema que tengo es si subir la nude al aire libre que me tomÃ© en las vacaciones o no. ğŸ¤”  Jajajajaja no lo se. https://t.co/g4WQzfV2FB","19.4299345","-99.2115105","positivo"
"2021-03-12 08:14:49-06:00","https://t.co/jNt5krhPbl No cabe duda la PLANDEMIA sÃ³lo ha favorecido a  maestros  que muchas veces no saben hablar ni escribir correctamente pero les diÃ³ la oportunidad de gozar de vacaciones pagadas, esto es CORRUPCIÃ“N","19.328383000000002","-99.15234000000001","negativo"
"2021-03-12 08:43:57-06:00","@JulianUro Realmente cualquier caso, pero tomar una gasometria si sÃ³lo vas a valorar lactato o si el paciente tiene acidosis, no hace falta mÃ¡s que una muestra de sangre venosa. Pero igual ahora que este de vacaciones, me aviento un hilo de porque no hace falta una GS arterial.","19.432836","-99.153366","negativo"
"2021-03-12 09:09:18-06:00","cuando te pesas luego de las vacaciones en las que te la pasaste comiendo las deliciosas bondades de Tere Cazola, y resulta que BAJASTE DE PESO!! https://t.co/poLLtd2rnF","19.380613","-99.1614805","negativo"
"2021-03-12 10:12:21-06:00","Todo comienza en la fila del banco Suizo SBS donde tenÃ­a yo mi cuenta corriente, como estudiante de la Universidad de Ginebra, podÃ­a trabajar 20 horas a la semana y tiempo completo en verano, durante las vacaciones, pues bien estÃ¡bamos en Julio y yo habÃ­a trabajo mucho y habÃ­a","19.380613","-99.1614805","negativo"
"2021-03-12 10:45:17-06:00","AsÃ­ la maÃ±ana en #ChampotÃ³n @SECTURCampeche. Si estÃ¡s planeando tus prÃ³ximas vacaciones y vas por carretera a la penÃ­nsula, tienes que detenerte en este lugar para comer. Hummm de Ã±am Ã±am Ã±am!  @jorge_manos https://t.co/2zbTGHXBsd","19.432836","-99.153366","neutro"
"2021-03-12 12:45:45-06:00","ğŸ¶...Quisiera llevarte al mar ğŸŒŠ y nunca regresar a la ciudadğŸ™ï¸...ğŸ¶  Â¡Â¡Â¡Ya hacen falta unas vacaciones!!! en Puebla Centro, Puebla https://t.co/wkEnKqaEkt","19.04611337","-98.20087995","positivo"
"2021-03-12 13:07:55-06:00","Mis mini vacaciones en el trabajo duraron 1 dÃ­a ğŸ¤¡","19.318042","-99.24800950000001","negativo"
"2021-03-12 14:01:29-06:00","Se acabaron las vacaciones. âœˆï¸","19.4320755","-99.087817","negativo"
"2021-03-12 14:03:08-06:00","Le atinÃ© al periodo en el que pedÃ­ mis vacaciones porque coincide con el cumpleaÃ±os de babe.ğŸ¥°  DirÃ­a el Rafis â€œGracias Universoâ€ğŸ‘ŒğŸ½ğŸ˜‚ jajajajajajajajjaa","19.893234","-99.3574265","positivo"
"2021-03-12 16:41:44-06:00","Necesito vacaciones. :[","19.380613","-99.1614805","negativo"
"2021-03-12 18:02:22-06:00","EstÃ¡s listo para comenzar a invertir en una de las zonas con mÃ¡s plusvalÃ­a en MÃ©xico ğŸ˜  Gran preventa de lotes, hasta 72 meses sin intereses y 0% de enganche ğŸ˜±  #plusvalia #hogar #patrimonio #terrenos #terrenosencancÃºn #familia #casadedescanso #vacaciones #cancun https://t.co/MhbZp3qTOL","19.518656","-99.1158905","positivo"
"2021-03-12 18:15:13-06:00","@sktd_ Disfruta de tus vacaciones ğŸ˜š","19.342788499999997","-99.050461","indeterminado"
"2021-03-12 19:30:52-06:00","Vacaciones https://t.co/5ueDGe1BfU","19.431224","-99.081101","neutro"
"2021-03-12 20:26:48-06:00","@warkentin EstÃ¡s hipersensible Ãºltimamente. DeberÃ­as considerar seriamente tomar vacaciones y desconectarte. Neta!","19.318042","-99.24800950000001","negativo"
"2021-03-12 20:58:50-06:00","Al fin, se acabÃ³ este dÃ­a... es momento de ir a casa e iniciar las vacaciones ğŸ˜","19.432836","-99.153366","positivo"
"2021-03-12 21:55:09-06:00","@SalvadorZA La risa en vacaciones","19.138592000000003","-99.0580225","positivo"
"2021-03-12 23:03:25-06:00","3er ola en Italia ğŸ¥º, ora si ya me siento fundido, me irÃ© de vacaciones antes e que vengan los vergazos de nuevo.","19.4857835","-99.18212600000001","negativo"
"2021-03-12 23:40:16-06:00","Un aÃ±o sin actividades deportivas, sin socializar con sus iguales, sin ir a cines, plazas, vacaciones familiares, convivios con primos.... Un aÃ±o en que al menos mi hijo ha presentado atrasos cognitivos significativos, ansiedad y a veces agresividad. Sin en cambio, estÃ¡n SANOS!!","19.380613","-99.1614805","negativo"
"2021-03-13 08:16:46-06:00","Iniciando las vacaciones, me querÃ­a levantar tarde... pobre iluso, porque mi hija siempre tiene otros planes jajajajaja AsÃ­ que pues... Â¡buenos dÃ­as! ğŸ––ğŸ¼","19.380613","-99.1614805","positivo"
"2021-03-13 09:06:12-06:00","@Pajaropolitico Que irresponsabilidad de autoridades. Con menos de tres millones de vacunados. Y se quejan prÃ³ximas vacaciones Semana Santa","19.199485","-99.208364","negativo"
"2021-03-13 10:27:45-06:00","Vacaciones?... KompetenzÂ®ï¸ el mejor aliado de tu Auto âœ¨ğŸš˜. Citas â˜ï¸55-57640994 https://t.co/7fYC0Ibs0T","19.4320755","-99.087817","positivo"
"2021-03-13 10:28:17-06:00","Vacaciones?... KompetenzÂ®ï¸ el mejor aliado de tu Auto âœ¨ğŸš˜. Citas â˜ï¸55-57640994 https://t.co/WO2yjlpXOE","19.4320755","-99.087817","positivo"
"2021-03-13 12:14:07-06:00","PrÃ³ximas salidas Apizaco, Chiautempan, Tlaxcala y San MartÃ­n Texmelucan  Inicio vacaciones 27 Marzo Tolantongo 28 Marzo Tecolutla Fin vacaciones 10 Abril Puerto de Veracruz 11 Abril Bioparque Estrella Mayores detalles a los Tel 2461661853, 2461682368 #EquipoVM #ViveViaMexico https://t.co/IAwoERGAVz","19.3184175","-98.24676550000001","positivo"
"2021-03-13 15:15:11-06:00","Hoy llega mi hijo de vacaciones!!! #LaFelicida (@ Terminal 2 - @aicm_mx in Venustiano Carranza, DF) https://t.co/Gd9CSrorAi","19.42165588","-99.07790586","positivo"
"2021-03-13 17:21:57-06:00","Creo que lo que mÃ¡s me incomoda de la pandemia es que exista gente tan tonta que sale de puente o de vacaciones y regresa a la ciudad con lentes protectores, cubrebocas KN , limpiando todo ... hipÃ³critas...","19.199485","-99.208364","negativo"
"2021-03-13 18:05:04-06:00","Placas de la CDMX, Edomex, Morelos y Guerrero disfrutaron de las vacaciones en Acapulco... EstÃ¡s playas de la costa acapulquense son para nacos.","19.399101","-99.09649599999999","positivo"
"2021-03-13 20:07:26-06:00","Iniciando las vacaciones, visitando el parque ğŸ˜· #AmyTime #vacationvibes https://t.co/GHFlqNWXqh","19.398197","-99.141827","positivo"
"2021-03-13 20:28:05-06:00","Pues me dieron mis primeras vacaciones en el Hospital... ğŸ¤­ğŸ™ŠğŸ§œâ€â™€ï¸ğŸ–ğŸŒŠğŸ˜ https://t.co/8nmBpFvCTm","19.399101","-99.09649599999999","negativo"
"2021-03-13 23:32:07-06:00","Â¿Irse a la chingada, cuenta cÃ³mo irse de vacaciones?","19.359356","-98.7972475","negativo"
"2021-03-14 00:03:03-06:00","@danielaaqs Me pasa igual, creen que uno no come, no duerme y mucho menos toma vacaciones, tuve un cliente que amenazÃ³ con cancelar su trÃ¡mite si me iba de vacaciones y lo hizo.","19.022994","-98.308599","negativo"
"2021-03-14 00:13:56-06:00","Uno dandole duro a la estudiada y la mitad de mis conocidos de covidiotas en la playa, en fiestas o de vacaciones ğŸ¤¦ğŸ½â€â™‚ï¸","19.2515305","-99.5799145","positivo"
"2021-03-14 01:34:55-06:00","Por favor no salgan de casa estas vacaciones, no quiero mas cuarentena. :((","19.4792835","-98.3499695","negativo"
"2021-03-14 10:56:04-06:00","Hoy hace un aÃ±o el Gobierno de MÃ©xico anunciaba que se adelantarÃ­an las â€œVacaciones de Semana Santaâ€ para â€œprevenirâ€ la pandemia por Covid-19.  Y miren donde seguimos...ğŸ¤·ğŸ»â€â™‚ï¸","19.284321499999997","-99.655676","neutro"
"2021-03-14 11:59:20-06:00","@magiciandiorite @sopitas @SoyFedelobo Yo sÃ­, solo los pinches cavernÃ­colas estÃ¡n de vacaciones en plena pandemia, espero que se los carge la verga a todos y cada uno de ellos","19.432836","-99.153366","negativo"
"2021-03-14 14:51:09-06:00","@Gutask1 @NHaiku1 @magiciandiorite @sopitas @SoyFedelobo Trabajo 6 de 7 dÃ­as de la semana, estoy estudiando para entrar a la universidad, tenÃ­a la oportunidad de irme de vacaciones a NY,  duermo 5 hrs diarias, me dio covid por llevar a un familiar a muchos hospitales cuando todos estaban saturados, mi mayo miedo no fue morir yo","19.432836","-99.153366","negativo"
"2021-03-14 16:08:09-06:00","Eso nos deja la cronologÃ­a mÃ¡s o menos asÃ­ *12 al 15 con el puente de BJ medio mundo se largo de vacaciones  *Eso nos deja los 14 dÃ­as siguientes de aumento en la curva de contagios","19.342788499999997","-99.050461","negativo"
"2021-03-14 16:12:38-06:00","Y empiezan las vacaciones de la SEP y el gobierno va a retrasar lo mÃ¡s que se pueda el semÃ¡foro rojo pues la economÃ­a no da para mÃ¡s entonces yo creo que la semana del 12 al 18 va a ser interesante ...","19.342788499999997","-99.050461","neutro"
"2021-03-14 16:46:23-06:00","@ClausEspinoza Benditas vacaciones jaja","19.0322295","-98.1542665","positivo"
"2021-03-14 18:57:21-06:00","Nos urgen unas vacaciones de la pandemia.  Un puente, aunque sea.","19.380613","-99.1614805","negativo"
"2021-03-14 21:49:59-06:00","Me voy de vacaciones ğŸ™‹â€â™‚ï¸","19.3343475","-97.922756","positivo"
"2021-03-14 22:39:24-06:00","Dejen descanso de mis vacaciones Â¿CÃ³mo que entro a las 6am al jale?","18.811717","-99.1828615","negativo"
"2021-03-14 23:22:51-06:00","Quiero mÃ¡s vacaciones!!","19.2515305","-99.5799145","positivo"
"2021-03-14 23:59:51-06:00","Ya me ando entrenando en como sacar fotos SÃšPER PRO para mis vacaciones en la playita ğŸ˜ğŸ¤­","19.399101","-99.09649599999999","positivo"
"2021-03-15 00:33:41-06:00","@GaboSPG @AristeguiOnline @lopezobrador_ Mira imbÃ©cil son proyecciones. MÃ¡s imbÃ©ciles son los que que van a salir de vacaciones en semana santa! Pinche contagiadero y asÃ­ seguiremos en Ã©ste cÃ­rculo. Aprende a repartir responsabilidades IMBÃ‰CIL!!ğŸ¤£ğŸ¤£ğŸ¤£","19.318042","-99.24800950000001","negativo"
"2021-03-15 00:38:08-06:00","@AIFuentes4 @AristeguiOnline Pues pudiera de ser. Pero con lis irresponsables que se van a ir de vacaciones se podrÃ¡?  No vamos tan lejos con Ã©ste puente vamos a ver.","19.318042","-99.24800950000001","negativo"
"2021-03-15 00:42:47-06:00","Jajajajajajaja verga, Â¡te fuiste de vacaciones a ChimalhuacÃ¡n!  ğŸ˜‚ğŸ˜‚ğŸ˜‚ğŸ˜‚ğŸ˜‚ğŸ˜‚ğŸ˜‚ğŸ˜‚ğŸ˜‚ğŸ¤£ğŸ¤£ğŸ˜‚","19.3206955","-99.1525965","positivo"
"2021-03-15 07:27:22-06:00","ğŸ“Œ A nuestra comunidad: recuerden que en @inclickse NO hay asuetos - dÃ­as feriados para estar en sintonÃ­a con cada grupo.  Sin embargo, pronto vienen las vacaciones, mayores informes en la planeaciÃ³n - calendario de cada curso. ğŸ“†  #ImpulsamosTuÃ‰xito. âœ”ï¸ https://t.co/8mcdmW4TFW","19.2755645","-99.26452649999999","positivo"
"2021-03-15 07:33:35-06:00","Necesito unas vacaciones asÃ­","19.432836","-99.153366","negativo"
"2021-03-15 09:10:05-06:00","La risa en vacaciones.","19.392941","-99.136873","positivo"
"2021-03-15 10:32:51-06:00","Alguien mÃ¡s no quitÃ³ su alarma para trabajar??  ğŸ¤£ğŸ¤£ğŸ¤£ğŸ˜† #MadrugandoAndo #Puente #Vacaciones #HappyDays","19.199485","-99.208364","positivo"
"2021-03-15 11:06:26-06:00","âœˆï¸Â¿Vacaciones en el extranjero? ğŸ§³  ğŸ“Nosotros te ayudamos, llÃ¡manos.   #Axtrea #Axtreaespecialistaslegales #especialistaslegales #firmadeabogados #profesionales #jurisdiccionvoluntaria https://t.co/kJurkyvVmN","19.468545499999998","-98.787435","positivo"
"2021-03-15 11:31:13-06:00","@Imagen_Mx @lopezobrador_ Ya se puede ir de vacaciones en semana santa ...","19.432836","-99.153366","neutro"
"2021-03-15 13:44:10-06:00","Toy de vacaciones, no me chinguen.","19.318042","-99.24800950000001","negativo"
"2021-03-15 14:12:33-06:00","Al chile yo si le deseo contagios y muerte a quienes salieron de covipendejos de vacaciones YNIMODO","19.2515305","-99.5799145","negativo"
"2021-03-15 15:42:59-06:00","Dominada, chelita y Mezcal . . . #descanso #descansomerecido #relax #sol #juegos #cholula #puebla #mÃ©xico #vacaciones #JuegodeDomino #chelas #mezcal #botana en San AndrÃ©s Cholula, Puebla, Mexico https://t.co/54bvLgPvvh","19.05022","-98.29977","positivo"
"2021-03-15 15:46:51-06:00","Si querÃ­a vacaciones, pero no asÃ­.","19.432836","-99.153366","negativo"
"2021-03-15 15:56:02-06:00","@JosephRay1998 Saludos Amigo ğŸ‘ Estoy de vacaciones aquÃ­ en la ciudad de MÃ©xico Que tengas una buena noches Saludos y abrazos","19.432836","-99.153366","positivo"
"2021-03-15 17:24:38-06:00","@thesigerr @Profeco @liverpoolmexico Profeco lleva 2 aÃ±os de vacaciones!!!! ğŸ˜¡ğŸ˜¡ğŸ˜¡ sin responder twits ni llamadas. Experiencia propia.","18.933812","-99.260819","negativo"
"2021-03-15 18:31:42-06:00","Que ganas de estar de vacaciones en la playa","19.318042","-99.24800950000001","positivo"
"2021-03-15 19:53:42-06:00","Ya se acabÃ³ el puente, pero Ã¡nimo Ã¡nimo, el viernes de la prÃ³xima semana salimos de vacaciones. ğŸ¥³","19.0322295","-98.1542665","positivo"
"2021-03-15 21:13:35-06:00","Jefe necesito dinero para mis vacaciones ya de el aumento ploxy","19.432836","-99.153366","negativo"
"2021-03-15 21:21:58-06:00","AquÃ­ con un gran amigo y hermano Ramon, viviendo unas buenas vacaciones y una experiencia mÃ¡s de la vida #queseanmÃ¡sTours#queseaunbuenrecuerdodelavida#granrecorridoporelBajÃ­o. en Jardines De Santa Clara https://t.co/LXP15HXzvL","19.54689789","-99.03935372","positivo"
"2021-03-15 21:55:37-06:00","@AdolfoPrietoVec Me refiero al caso de los Argentinos que estuvieron de vacaciones en Playa del Carmen","19.380613","-99.1614805","negativo"
"2021-03-15 22:03:39-06:00","A estudiar ğŸ“‰ que las vacaciones fundieron mis cerebro ğŸ“ˆ en Priv Dr. MÃ¡rquez https://t.co/A0KlJGAsqP","19.40925042","-99.15012883","negativo"
"2021-03-15 22:11:33-06:00","Â¿Ya se cansaron de estar de  vacaciones ? Hijos de su puta madre.","18.933812","-99.260819","negativo"
"2021-03-16 00:02:46-06:00","Que bajÃ³n regresar de vacaciones ğŸ¥²","19.4320755","-99.087817","negativo"
"2021-03-16 04:41:29-06:00","Listos para vacaciones de semana Santa? https://t.co/2Z4HKslIQD","20.053718500000002","-98.7155595","positivo"
"2021-03-16 07:14:05-06:00","Â¿Recuerdan la ansiedad del primer dÃ­a de clases despuÃ©s de las vacaciones en donde no tenÃ­an idea de lo que iba a pasar y ya podÃ­an sentir el peso de la 1ra tarea sobre sus hombros? Bueno hoy yo soy esa ansiedad post vacaciÃ³n https://t.co/DOY0F5Dj4n","19.4299345","-99.2115105","negativo"
"2021-03-16 08:04:22-06:00","#ULTIMAHORA ğŸš¨AMLO anunciÃ³ que hoy Romero Deschamps presentÃ³ su renuncia. â€œDeja de ser trabajador activo de Pemexâ€.ğŸš¨ â€œLo hace por voluntad propia y por un exhorto que le hicimosâ€.  ğŸ“ŒSeguÃ­a activo pero de vacaciones, luego de que habÃ­a acumulado  dÃ­as que no habÃ­a tomado.","19.432836","-99.153366","negativo"
"2021-03-16 08:27:27-06:00","Vacaciones por favor... Otro puente como el de hace un aÃ±o... De dos meses ğŸ¤ ","19.3343475","-97.922756","negativo"
"2021-03-16 08:50:05-06:00","@HLGatell Ya terminaron las vacaciones del Irresponsable de  Gattoel . No tiene credibilidad Sr Gattoel, x dignidad propia deberÃ­a renunciar. Que calidad Moral tiene? La misma de su jefe.... Ninguna.","19.284321499999997","-99.655676","negativo"
"2021-03-16 09:12:51-06:00","Dia1: Oficialmente de vacaciones ğŸ˜","19.432836","-99.153366","neutro"
"2021-03-16 09:22:21-06:00","â€œSegÃºn una investigaciÃ³n periodÃ­stica,Â Romero DeschampsÂ estaba de vacaciones y argumentaba que mientras fue dirigente sindical no tomÃ³ dÃ­as de descanso y que tomarÃ­a todas sus vacaciones acumuladas hasta el 2024â€.","19.503695","-98.95486550000001","negativo"
"2021-03-16 09:28:59-06:00","Feliz dÃ­a 3 de vacaciones Troops! A seguir weboneando. *Se vuelve a cobijar* https://t.co/7ZXAJEhnmW","19.380613","-99.1614805","positivo"
"2021-03-16 09:30:45-06:00","terminaron mis vacaciones, a trabajarrrrrrr.","19.342788499999997","-99.050461","negativo"
"2021-03-16 12:16:34-06:00","Prendas indispensables  para tus vacaciones de Semana Santa. #lavampstore #unacosachingona en Lavamp Store https://t.co/FI8zTHkfQh","19.4175","-99.16492","positivo"
"2021-03-16 12:31:09-06:00","Ya huele a vacaciones de Semana Santa, y si no hueles, por favor quÃ©date en casa.","19.2755645","-99.26452649999999","negativo"
"2021-03-16 13:26:30-06:00","Irresponsables los influencers y artistas, normalizando las vacaciones y que no pasa nada si sales a dar el rol, tienen a tantas que los siguen que son presa fÃ¡cil para las tentaciones, esto no ha acabado, en vano los que estamos haciendo el sacrificio...","19.56828","-99.0444445","negativo"
"2021-03-16 13:29:12-06:00","@LupitaJuarezH Que oferta (imposible de rechazar) le hizo? SerÃ¡ que podrÃ¡ seguir disfrutando de sus  cuentas en el banco y vacaciones en la Riviera, como dijo el sensei Don Gato?","19.564587500000002","-99.269192","neutro"
"2021-03-16 14:38:15-06:00","Otras vacaciones ğŸ˜¬","19.380613","-99.1614805","negativo"
"2021-03-16 15:31:34-06:00","Â¿Listos para las vacaciones de #SemanaSanta ? https://t.co/EMxq7eDnwm","19.284321499999997","-99.655676","positivo"
"2021-03-16 15:49:13-06:00","Cuando te critican porque ya regresaste a la oficina, pero se van de vacaciones en semÃ¡foro rojo ğŸ¤¦ğŸ»â€â™€ï¸ğŸ¤·ğŸ»â€â™€ï¸ jajaja!!","19.364102","-99.259989","positivo"
"2021-03-16 16:00:20-06:00","@CdSatelite Preparando mi viaje de vacaciones para descansar un rato y una buena bronceada y un rico chapuzÃ³n...pero upssssss...no se pudo ğŸ¤£ğŸ¤ªğŸ˜”","19.473793999999998","-99.310428","positivo"
"2021-03-16 17:02:05-06:00","@jgnaredo Ustedes y sus pendejadas. Hasta cuando van a dejar de culpar a los demÃ¡s por su incapacidad y poco sentido de la moral. Ya no mames tÃ³mate unas vacaciones, te hace harta falta.","19.4320755","-99.087817","negativo"
"2021-03-16 18:37:01-06:00","Yo que lo vivÃ­ en carne propia en Enero, la situaciÃ³n en este momento NO es ni cerquita como fue ese mes. Pensando en una hipotÃ©tica tercera ola despuÃ©s de vacaciones, creo que es el momento adecuado Cada quien tiene su derecho a asistir (los tuzocio) y ya que todo sea para bien.","20.1056375","-98.77580800000001","negativo"
"2021-03-16 20:10:49-06:00","Recuerdo perfectamente como pasÃ³ todo hace un aÃ±o, como vi la noticia de que se adelantaban las vacaciones de abril y ademÃ¡s se extendÃ­a a un mes.  abro hilo.","19.3184175","-98.24676550000001","negativo"
"2021-03-16 20:18:00-06:00","... entre nosotros empezÃ³ a correr el rumor de que se adelantarÃ­an las vacaciones de abril. Empezamos a buscar informaciÃ³n y efectivamente, el gobernador #MarcoMena anunciaba que las vacaciones se adelantaban y que una vez finalizaran, regresarÃ­amos a las clases presenciales...","19.3184175","-98.24676550000001","neutro"
"2021-03-16 20:44:55-06:00","https://t.co/H3pSoK6KTl Conociendo a nuestros maestros, seguramente se van a levantar en pie de guerra pues desean seguir gozando de vacaciones pagadas","19.328383000000002","-99.15234000000001","negativo"
"2021-03-16 21:18:51-06:00","Mi hermano anda en la vacaciÃ³n con una morra que me cae mal ğŸ¤¡","19.444371","-99.533834","negativo"
"2021-03-16 22:09:05-06:00","Preparados para las vacaciones de Semana Santa?? https://t.co/b0CupIDRc7","19.284321499999997","-99.655676","neutro"
"2021-03-16 22:31:06-06:00","Creen que haya una 3era ola de contagios de Covid-19? CampaÃ±as polÃ­ticas, vacaciones...","18.587272","-99.2788965","neutro"
"2021-03-16 22:50:59-06:00","Gracias a que salÃ­ de vacaciones, apenas pude ver el capÃ­tulo de @ApuntesdeRabona de la tÃ­a @LaReimers (gracias a la COVID, que por trabajo me falta tiempo) #JerseysdeReimers Son mis tres jerseys favoritos: Cruz Azul FILA Invierno 97 AC Florentina FILA 1997 FC Barcelona NIKE 1998 https://t.co/vE3QdhXrIQ","19.380613","-99.1614805","positivo"
"2021-03-17 00:02:37-06:00","Ya quiero vacaciones en la playita!!","19.199485","-99.208364","positivo"
"2021-03-17 01:21:56-06:00","Yo me sigo sintiendo como de vacaciones ugh","19.328383000000002","-99.15234000000001","negativo"
"2021-03-17 02:46:01-06:00","Status 65: sÃ© que le gusta Sinatra, asÃ­ queeee voy a sacar una canciÃ³n para ella en vacaciones, ya que la sacarÃ© con  arreglos  y es mÃ¡s tardado, espero que le guste.","20.1056375","-98.77580800000001","positivo"
"2021-03-17 07:32:52-06:00","Me urgen vacaciones, pero no del trabajo, sino del COVID.","19.518656","-99.1158905","negativo"
"2021-03-17 08:19:25-06:00","@jezzalejandro1 Me gustarÃ­a Estoy de vacaciones aquÃ­ en la ciudad de MÃ©xico Que tengas un buen dÃ­a Saludos","19.432836","-99.153366","positivo"
"2021-03-17 09:53:54-06:00","Se acabÃ³ la vacaciÃ³n, la coshacion y la asadita ğŸ¥º","19.133485999999998","-98.28600399999999","negativo"
"2021-03-17 11:18:41-06:00","Dia dos despuÃ©s de la vacaciÃ³n .. me arde todo mi cuerpo ğŸ¥´ğŸ™„","19.0322295","-98.1542665","positivo"
"2021-03-17 11:23:47-06:00","@BanjoShark Ya sÃ© mi Banjo, ahora sÃ­ a descansar... Necesito vacaciones de las vacaciones jajajajaja","19.133485999999998","-98.28600399999999","positivo"
"2021-03-17 11:25:24-06:00","@BanjoShark Jajajajajajajaja sisoy, nada mÃ¡s poquito... Mejor invitame a la vacaciÃ³n jajajaja","19.133485999999998","-98.28600399999999","indeterminado"
"2021-03-17 12:14:50-06:00","hola estoy de vacaciones","19.419764","-99.147987","negativo"
"2021-03-17 12:54:58-06:00","Regrese de vacaciones para tener 6 juntas hoy...ğŸ¥² hubiera pedido mÃ¡s dÃ­as.","19.432836","-99.153366","negativo"
"2021-03-17 17:48:02-06:00","Pero hasta en el programa @programa_hoy  dieron rienda suelta  trajes de baÃ±o para hombres para las vacaciones, en serio tienen que ser tan irresponsables ğŸ¤¦ğŸ», SemÃ¡foro naranja NO QUIERE DECIR SALGAN TODOS A L CALLE, a las playas, pero en fin, son partÃ­cipes de malas desiciones","19.328383000000002","-99.15234000000001","negativo"
"2021-03-17 18:35:52-06:00","@ivxn_real Me gustarÃ­a comerte todo Estas bien sabroso Papi ğŸ˜‹ Saludos Estoy de vacaciones aquÃ­ en la ciudad de MÃ©xico Que tengas una buena noche","19.518656","-99.1158905","positivo"
"2021-03-17 20:07:39-06:00","@ann_dres_ Si quieres te ayudo ğŸ˜œ Te ves bien sabroso Papi ğŸ˜‹ Que tengas una buena noche Saludos, estoy de vacaciones aquÃ­ en la ciudad de MÃ©xico Estamos en contacto","19.518656","-99.1158905","positivo"
"2021-03-17 22:41:08-06:00","@violeta_gzzl Por lo menos que ya lleguen las vacaciones para evitar la levantada jajaja","19.328383000000002","-99.15234000000001","positivo"
"2021-03-17 23:21:32-06:00","Ya ando contando los dÃ­as para mis vacaciones dobles ğŸ™ŠğŸ˜ğŸŒŠ","19.399101","-99.09649599999999","positivo"
"2021-03-18 00:31:55-06:00","Ya me hacÃ­a en Semana Santa puebleando de a 2 dÃ­as porque creÃ­ que la Ãºnica inconsciente ERA YO, ahora todos saldrÃ¡n de vacaciones, quedÃ© ğŸ¤¡ğŸ¤¡  Sino salgo por gusto, sino porque pensÃ© que no habrÃ­a nadie. ğŸ¤¡ğŸ¤¡","19.0322295","-98.1542665","negativo"
"2021-03-18 07:31:21-06:00","Â¿EstÃ¡ de acuerdo que haya regreso a clases presenciales en torno a la propuesta del Presidente de la RepÃºblica para despuÃ©s de las vacaciones de Semana Santa?","19.4260765","-98.1218485","neutro"
"2021-03-18 07:56:30-06:00","@ChristyLanette Como presumen sus vacaciones en pandemia ğŸ˜„ğŸ˜„ https://t.co/iwoDqHPS3I","19.518656","-99.1158905","positivo"
"2021-03-18 08:38:38-06:00","Ya dos dÃ­as mÃ¡s y por fin vacaciones ğŸ¥´","19.4299345","-99.2115105","positivo"
"2021-03-18 10:09:00-06:00","@marthadebayle @Rebmangas si bien coincido perfecto que no se debe salir en semana santa porque son dÃ­as de guardar, y en este aÃ±o por la pandemia, para mucha gente tiene pocos vacaciones, recordemos que la LFT de 6 dÃ­as de vacaciones en el aÃ±o 1","19.56828","-99.0444445","positivo"
"2021-03-18 10:51:39-06:00","Unos dÃ­as mÃ¡s y vacaciones bitches ğŸ’œâœ¨","19.4299345","-99.2115105","positivo"
"2021-03-18 12:23:55-06:00","La Risa en Vacaciones","19.432836","-99.153366","positivo"
"2021-03-18 16:47:16-06:00","Que onda conmigo, este calor me trae bien cansada y con mucho sueÃ±o ğŸ˜ª #vacaciones #CubaViva ğŸ‡¨ğŸ‡º #cerveza https://t.co/yT4FRKECd0","18.933812","-99.260819","negativo"
"2021-03-18 22:38:05-06:00","@JimmyYump Jajajajajajajananan wey por una chancla, o sea aparte estÃ¡s de vacaciones no se supone que es pa relajarte?? ğŸ˜‚ğŸ¤£ğŸ˜‚ğŸ¤£ una iraaaaa jajaja","19.2515305","-99.5799145","positivo"
"2021-03-18 22:50:59-06:00","@HawkersMX Me gustan tanto por quÃ© tienen diseÃ±os Im-pre-sio-nan-tesss y las presumire con mi visita a la playa en mis prÃ³ximas vacaciones","19.6562895","-99.233657","positivo"
"2021-03-19 06:03:53-06:00","@jacobchavez56 @Kevazrdz @elianjimes @PeatonDelSur @andreslajous AvÃ­senle que cuando me voy de vacaciones, me voy en AviÃ³n, no en auto, voy de vacaciones no a cansarme manejando","19.236244499999998","-99.08179","negativo"
"2021-03-19 06:16:57-06:00","#Vacaciones #SemanaSanta   No sÃ©, piensenlo https://t.co/eneXWnvPIE","19.1193045","-98.26134149999999","positivo"
"2021-03-19 08:16:27-06:00","En el trabajo muy amigas hasta que hay que cuadrar las vacaciones... ğŸ¤œğŸ»ğŸ¤›ğŸ»ğŸ™Š . . . ğŸ“¸ @enrique_villanueva  ğŸ‘— @fazhion_official  ğŸ‘¡ @shoelada  ğŸ’‡ğŸ»â€â™€ï¸ @extensionesjordan en Grupo Imagen Universidad https://t.co/XlpxhErsYt","19.33904201","-99.18181675","neutro"
"2021-03-19 09:30:00-06:00","Es viernes y mi cama lo sabe  Puede que no te haga falta naa Aparentemente na Hawaii de vacaciones https://t.co/ahBKSwzHAf","19.380613","-99.1614805","negativo"
"2021-03-19 10:56:00-06:00","Justo a unos dÃ­as de vacaciones me cae trabajo de a madre y sin pago alguno... #MeMueroPorVivir","19.0322295","-98.1542665","negativo"
"2021-03-19 12:00:50-06:00","Como cuando esperas que te manden documentos por whats y la app se va de vacaciones","20.073671","-98.92622300000001","negativo"
"2021-03-19 15:15:13-06:00","#VacunasEnChimalhuacÃ¡n las vacaciones son importantes para la gente mayor en chimalhuacan","19.418632000000002","-98.9408425","negativo"
"2021-03-19 16:21:36-06:00","https://t.co/69GTqz7rnB Los maestros van a luchar hasta con los dientes para no regresar a las aulas, de eso no tengo duda, lo Ãºnico que quieren es seguir gozando de vacaciones pagadas, pues las  clases  que imparten en lÃ­nea son una porquerÃ­a que solo aburren a los niÃ±os","19.328383000000002","-99.15234000000001","negativo"
"2021-03-19 17:25:08-06:00","Mi cuerpo pide algo con V..... . . . . . . . . . . . . . . . Si!!! Vacaciones y Vodka ğŸ¥°","19.0322295","-98.1542665","neutro"
"2021-03-19 18:12:26-06:00","@pelomeli SegÃºn ni direc ya anda con el alboroto que vamos a regresar a trabajar despuÃ©s de vacaciones","18.587272","-99.2788965","neutro"
"2021-03-19 20:05:08-06:00","Salgan de vacaciones, hagan fiestas y grabense total jodidos estÃ¡n desde que nacieron ğŸ¤·ğŸ»â€â™‚ï¸  #COVID19","19.380613","-99.1614805","negativo"
"2021-03-19 20:13:59-06:00","@marianacruzmari En vacaciones armamos algo con el oso https://t.co/gg9PmmV4Jy","19.0322295","-98.1542665","neutro"
"2021-03-19 22:06:00-06:00","Para mis prÃ³ximas vacaciones llevarÃ© un brownie de mota para prolongar el viaje unos 4 dÃ­as mÃ¡s...","19.199485","-99.208364","positivo"
"2021-03-20 08:39:05-06:00","Vienen vacaciones de semana santa https://t.co/DEelObKwYW","19.432836","-99.153366","positivo"
"2021-03-20 10:32:13-06:00","Â¡Me urge ya irme de vacaciones!","18.933812","-99.260819","negativo"
"2021-03-20 10:41:07-06:00","Dos dÃ­as mÃ¡s y vacaciones con los amigos ğŸ˜ğŸ˜ğŸ˜ğŸ˜","19.4299345","-99.2115105","positivo"
"2021-03-20 11:30:05-06:00","@Soymarydany Vamos yo te invito la prÃ³xima semana tengo vacaciones ğŸ˜","19.564587500000002","-99.269192","positivo"
"2021-03-20 12:13:14-06:00","@MissJuliaOrwell @FunkyMaestro_ HabrÃ¡ faltando difusiÃ³n o la gente ya saliÃ³ de vacaciones.","18.902124","-98.4531485","negativo"
"2021-03-20 13:03:49-06:00","Festejando ando...  #cumpleaÃ±os #fiesta #festejo #enfamilia #sol  #vacaciones en Lomas de Cuernavaca. https://t.co/BA94QDr7ZL","18.87175367","-99.21649523","positivo"
"2021-03-20 13:33:52-06:00","@OMAR_PATINO @TapiaFernanda @GN_MEXICO_ @LauraBruges @252COMS @OficialEnLaMira @AuroraCast9 @alertasurbanas @UnidadDeInteli1 @CoordinacionDM Anda tu!!! Todo listo para las vacaciones de SEMANA SANTA EN LA PLAYA!!!? MÃ¡s el Cobid19, eso es el paquete Completo","19.473793999999998","-99.310428","positivo"
"2021-03-20 14:01:12-06:00","@adrieelz Gracias Adri hermosa, ojala y pudiera salir de vacaciones a algÃºn lado, inche covid ğŸ˜‘","19.359356","-98.7972475","positivo"
"2021-03-20 17:25:37-06:00","@Ricardo22535936 @Excelsior @lopezobrador_ Hahahahaha paga tus impuestos porfa que ya me voy de vacaciones","19.4320755","-99.087817","negativo"
"2021-03-20 19:27:49-06:00","Necesito vacaciones de mas vacaciones.","19.6562895","-99.233657","negativo"
"2021-03-20 22:01:11-06:00","Ya me hace falta unas vacaciones ğŸ˜","19.786737000000002","-99.22926","negativo"
"2021-03-20 23:18:59-06:00","AsÃ­ quede ğŸ¤¡ cuando creÃ­ que descansarÃ­a en mi dÃ­a de descanso ğŸ¤¨ pero quede mas asÃ­ ğŸ¤¡ğŸ¤¡ğŸ¤¡ cuando planeÃ© mis vacaciones en casa en Semana Santa y me dijeron que vendrÃ­a jajajajajajaja","19.0322295","-98.1542665","positivo"
"2021-03-21 00:26:12-06:00","ChiloÃ© de vacaciones Mis felicitaciones  Muy lindo el instagram  Lo que posteas","19.380613","-99.1614805","positivo"
"2021-03-21 01:32:14-06:00","Yo no tengo autorizado vacaciones pero eso si, pagadas ya estÃ¡n. ğŸ˜‚","19.0322295","-98.1542665","negativo"
"2021-03-21 08:06:08-06:00","Cuando dicen vÃ¡monos de vacaciones y todavÃ­a hay alerta naranja","19.432836","-99.153366","positivo"
"2021-03-21 09:25:17-06:00","Necesito vacaciones de las vacaciones...","19.4299345","-99.2115105","negativo"
"2021-03-21 10:29:09-06:00","Que corra el tiempo muy rÃ¡pido , que necesito mi nariz de moÃ±o y mis vacaciones en MazatlÃ¡n","20.1056375","-98.77580800000001","negativo"
"2021-03-21 10:34:40-06:00","Traigo cruda de vacaciones...","19.4299345","-99.2115105","negativo"
"2021-03-21 14:54:33-06:00","Prefiero ir de vacaciones el aÃ±o que viene y que sean las primeras vacaciones en mucho tiempo, a irme este aÃ±o y que sean mis Ãºltimas vacaciones.","19.328383000000002","-99.15234000000001","negativo"
"2021-03-21 16:40:12-06:00","El peque se va ir como una semana de vacaciones y estÃ¡ va a ser la primera vez que me separÃ© tanto tiempo de su lado ğŸ˜¬ğŸ˜¬ğŸ¥º","19.518656","-99.1158905","negativo"
"2021-03-21 18:51:36-06:00","Estaba conociendo a alguien por redes y todo iba cool hasta que se empezÃ³ a emputar que porque no pedÃ­a vacaciones, me reportaba enfermo o incluso renunciar para que nos fuÃ©ramos de viaje, wey mi carrera profesional estÃ¡ primero, y pues uno no es Jr, a mi si me toco chingarle.ğŸ’ªğŸ»","19.328383000000002","-99.15234000000001","negativo"
"2021-03-21 20:54:50-06:00","@CentralFM_ Mendigo ğŸ‘€ jon, todo le parece mal, y ha ğŸ¥š se quieren volver a quedar, Pero el pueblo los va a mandar de vacaciones al rancho del cabeza de estopa!!!","19.4299345","-99.2115105","negativo"
"2021-03-21 23:09:23-06:00","@RoxyBenMed Se acabÃ³ la vacaciÃ³n del Home Office???","19.518656","-99.1158905","negativo"
"2021-03-22 02:52:27-06:00","Bueno pero hay otra realidad: vos sabes que algo anda mal con la sociedad cuando sabes que urge mÃ¡s ir de vacaciones que ir a votar o peor aÃºn, posponer tu inconformidad con el gobierno.  Te indignas por los hospitales mÃ³viles pero andas sin medidas en las playas. Â¡Congruencia!","19.432836","-99.153366","negativo"
"2021-03-22 05:40:38-06:00","1 semana y salgo de vacaciones ğŸ™ğŸ¼ğŸ‰ğŸ¥³âœŒğŸ¼ğŸ¤—ğŸ¥±ğŸ¥±ğŸ¥± https://t.co/7MI5ZyAKk7","19.543933000000003","-99.1642825","positivo"
"2021-03-22 07:11:20-06:00","SÃ³lo dos semanas y estarÃ© de vacaciones.","19.318042","-99.24800950000001","negativo"
"2021-03-22 07:18:37-06:00","Se acabÃ³ la vacaciÃ³n ğŸ¥º A darle con todo qu3 al parecer serÃ¡ una semana en dÃ³nde solo dos dÃ­as estarÃ© sentada frente al escritorio.","19.380613","-99.1614805","negativo"
"2021-03-22 07:27:18-06:00","#BuenosDiasATodos   La Ãºltima semana laboral y despuÃ©s vacaciones de #SemanaSanta2021.  Solo esperemos que la seÃ±orita J no amargue esta semana. https://t.co/x74C849wt3","18.933812","-99.260819","positivo"
"2021-03-22 07:39:06-06:00","Â¡Ya casi son vacaciones! â¤ï¸ https://t.co/8cZMXBff39","18.933812","-99.260819","positivo"
"2021-03-22 07:41:02-06:00","Que emociÃ³n!!!!!!!!    Ya mÃ©rito salgo de vacaciones!  AdiÃ³s clases en lÃ­nea ya nos caes muy mal!","19.4320755","-99.087817","positivo"
"2021-03-22 08:55:41-06:00","Una semana y vacaciones ğŸ˜¤ Vamos si se puede ğŸ˜… Pero esta ocasiÃ³n no saldrÃ© ğŸ˜±","19.328383000000002","-99.15234000000001","negativo"
"2021-03-22 09:00:57-06:00","Comienza una nueva semana, semana de cierre, y pues a darle, que en Abril, a mi pueblo de vacaciones voy a ir ğŸ˜","18.933812","-99.260819","positivo"
"2021-03-22 10:16:22-06:00","La neta sÃ­ me emputa ver a mis oportunistas amigos salir de vacaciones por 4ta vez este aÃ±o","20.1056375","-98.77580800000001","negativo"
"2021-03-22 10:32:00-06:00","La vacaciÃ³n me dejo muerta. No quiero trabajar ğŸ˜´","19.396729","-98.8887095","negativo"
"2021-03-22 10:34:27-06:00","Beibi tu y yo en de vacaciones en caleta y caletilla con nuestros nuevos trajes de baÃ±o.... piÃ©nsalo !! Quemocion!! ğŸ˜ğŸ˜ğŸ˜ https://t.co/URA3ttYk3C","19.0322295","-98.1542665","positivo"
"2021-03-22 12:28:05-06:00","@richramc Jajaja pero esto es de trabajo amigo!! Y te juro que la recibo con todo el pesar de mi alma. Te parece que hoy le pongamos fecha. Solo deja veo si si o no me voy de vacaciones la semana que entra y en la noche le ponemos fecha.","19.380613","-99.1614805","positivo"
"2021-03-22 12:30:03-06:00","Necesito vacaciones ğŸ˜µ","19.0322295","-98.1542665","negativo"
"2021-03-22 13:36:57-06:00","Hoy es lunes que me me sabe a domingo porque vuelvo a la oficina de mis vacaciones hasta maÃ±ana. Ahora quiero un ramen para comer para cerrar con broche de oro mis vacaciones.","19.432836","-99.153366","positivo"
"2021-03-22 14:14:53-06:00","Amigues... HablÃ© con nuestro querido @BobsitoAgain y se encuentra bien. DecidiÃ³ tomarse unas vacaciones tuiteras. Me pidiÃ³ que les avisara y que por favor, no lloren por su ausencia ğŸ˜ Deseo de todo corazÃ³n verlo pronto por acÃ¡. Gracias por su amable atenciÃ³n.","19.380613","-99.1614805","negativo"
"2021-03-22 14:17:35-06:00","Menoooo, pues yo ya me voy de vacaciones. ğŸ–¤ğŸºğŸ–ï¸","19.328383000000002","-99.15234000000001","negativo"
"2021-03-22 14:30:56-06:00","Por empresas como @Moda_Suburbia que promueven las vacaciones en tiempos de pandemia, es que le ponen instrucciones al shampoo... ğŸ¤¦â€â™€ï¸","19.380613","-99.1614805","neutro"
"2021-03-22 15:52:52-06:00","Semana antes de irme de vacaciones ğŸ˜ŒğŸ˜ŒğŸ™ğŸ™ https://t.co/YR8rq7zwyJ","19.199485","-99.208364","positivo"
"2021-03-22 16:01:32-06:00","5 dÃ­as y se armaron las vacaciones ğŸ”¥","19.380613","-99.1614805","negativo"
"2021-03-22 17:54:05-06:00","Ando bien a gusto plebes, viva la vacaciÃ³n","19.432836","-99.153366","positivo"
"2021-03-22 21:45:33-06:00","@Evayflork1 @FundacionToby Que piden para resguardar mascotas en caso de que uno quiera salir de vacaciones,?","19.432836","-99.153366","negativo"
"2021-03-22 22:19:50-06:00","@Garraceleste1 La semana santa serÃ¡ el parteaguas compadre. De hecho estas dos semanas que tengan los niÃ±os de vacaciones serÃ¡n el punto de quiebre para ver que nos depara en lo que resta del aÃ±o â˜¹ï¸","19.284321499999997","-99.655676","neutro"
"2021-03-22 22:19:50-06:00","Los espero vÃ­a zoom! Disfrutemos de estas vacaciones en casa con Liverpool. @liverpoolmexico  EstarÃ¡ increÃ­ble con grandes consejos, opciones para un clÃ³set funcional y looks de inspiraciÃ³n.  Los espero ğŸ¤©â˜€ï¸ğŸ™Œ https://t.co/jHDHsHaIhS","18.933812","-99.260819","positivo"
"2021-03-22 23:06:48-06:00","@leozuckermann Otra vez de vacaciÃ³n?","19.432836","-99.153366","negativo"
"2021-03-23 06:45:00-06:00","Ni de vacaciones me puedo quedar dormido tarde VV. Buenos dÃ­as a tod@s, vamos por un cafÃ© ğŸ¤¤â˜€ï¸â˜€ï¸â˜€ï¸","18.886686500000003","-99.1686505","positivo"
"2021-03-23 07:38:10-06:00","Creo que le cuesta trabajo pronunciar  cubrebocas    El mejor decÃ¡logo para las vacaciones es: No salir ğŸ¤·â€â™€ï¸","19.1193045","-98.26134149999999","neutro"
"2021-03-23 07:40:47-06:00","Me hace mucho ruido que el Dr. @HLGatell nos diga que no salgamos de vacaciones lejos de casa... ğŸ™„ No puedo con esa incongruencia.","19.138592000000003","-99.0580225","negativo"
"2021-03-23 07:42:43-06:00","@HLGatell presenta decÃ¡logo de vacaciones seguras para Semana Santa: 1. Disfruta paseo con familia en sitio cercano a tu domicilio 2. Aprovechar Semana Mayor para pasar tiempo con la familia 3. Asistir a lugares con poca gente. https://t.co/tmLHolqDcs","19.4299345","-99.2115105","positivo"
"2021-03-23 08:04:02-06:00","Hay que seguir haciÃ©ndole caso al gobierno.   Al gobierno de otros paÃ­ses.   No salgas de vacaciones. No seas #Covidiota y  #QuÃ©dateEnCasa","19.2515305","-99.5799145","negativo"
"2021-03-23 08:13:28-06:00","Y aquÃ­ el Gatell dÃ¡ su decÃ¡logo para salir de vacaciones, por supuesto no incluye  el uso de la mascarilla ğŸ¤¦ğŸ¼â€â™€ï¸ Dios quÃ© pesadilla ğŸ˜£","19.1193045","-98.26134149999999","negativo"
"2021-03-23 08:24:11-06:00","@lasillarota @HLGatell Le recomiendo doctor Gatell que sÃ­ sale de vacaciones use cubreboca. ğŸ˜¡ğŸ˜¡","19.4320755","-99.087817","neutro"
"2021-03-23 08:33:42-06:00","@King_Altamirano Ã‘o, jaja es que vengo a cubrir a la supervisora  por vacaciones y hoy es el Ãºltimo dÃ­a que vengo para acÃ¡, seguirÃ© trabajando desde casa ğŸ˜","19.432836","-99.153366","positivo"
"2021-03-23 08:34:18-06:00","Buen martes que sabe a viernes, que sabe a vacaciones!!","19.4320755","-99.087817","positivo"
"2021-03-23 08:56:13-06:00","El viernes voy a seguir valiendo verga pero ya en modo vacaciones.","19.0322295","-98.1542665","negativo"
"2021-03-23 08:57:10-06:00","El viernes voy a seguir valiendo verga pero en modo vacaciones ğŸ¤ª","19.0322295","-98.1542665","negativo"
"2021-03-23 09:03:20-06:00","Bueno, aquÃ­ acaba la vacaciÃ³n.","19.328383000000002","-99.15234000000001","neutro"
"2021-03-23 09:54:24-06:00","AsÃ­ el imbÃ©cil del #DoctorMuerte @HLGatell dÃ¡ndoles permiso para que se vayan de vacaciones eternas. Lo importante  son los votos. #GatellAsesino empezando por @lopezobrador_  #MorenaLaPandemiaDeMexico  #NiUnVotoAMORENA2021  #RedMasUNO #RxM https://t.co/iNzL6Q5x5m","19.432722","-99.01701650000001","positivo"
"2021-03-23 10:52:00-06:00","Ahora que si hay con que para irse a la playa o unas vacaciones, estÃ¡ Ã©sta pinche pandemia.  Pero ya me merezco unas vacaciones, no las tengo desde diciembre de 2019.","19.399101","-99.09649599999999","negativo"
"2021-03-23 11:27:57-06:00","Y en nuestro paÃ­s la mitad o un poco mÃ¡s van a ir de vacaciones y en parte es culpa del gobierno pero en parte mÃ¡xima es de la gente que sale valiÃ©ndoles su salud y la de los demÃ¡s.","19.199485","-99.208364","negativo"
"2021-03-23 11:36:08-06:00","Y hasta el final el punto 10: â€œQuÃ©date en casaâ€. MÃ¡s bien parece una lista para justificar que se vaya uno de vacaciones ğŸ¤¦ğŸ»â€â™‚ï¸","19.518656","-99.1158905","positivo"
"2021-03-23 11:51:58-06:00","MÃ¡ximo si no se aprovecha las vacaciones de la Semana Santa!!! VALIENDOLES LAS MEDIDAS DE SEGURIDAD Y LA SANA DISTANCIA","19.473793999999998","-99.310428","neutro"
"2021-03-23 11:57:45-06:00","Oigans ya cooperen, para que mi sugar daddy me pueda llevar de vacaciones !","19.380613","-99.1614805","negativo"
"2021-03-23 13:33:54-06:00","ğŸ‡¨ğŸ‡µ en confinamiento por Semana Santa  ğŸ‡®ğŸ‡¹ en confinamiento por Semana Santa  ğŸ‡©ğŸ‡ª en confinamiento por Semana Santa  ğŸ‡²ğŸ‡½ vayan de vacaciones, entre menos mexicanos â˜  mÃ¡s vacunas","19.0322295","-98.1542665","negativo"
"2021-03-23 14:21:21-06:00","Ya dame vacaciones Diositooooooo","19.022994","-98.308599","positivo"
"2021-03-23 14:27:05-06:00","@007Lola_Mento @FestivalChin AsÃ­ es de ese tamaÃ±o nuestro disque gobierno incitando a todos los irresponsables mexicanos valemadristas para que en vez de quedarse confinados, pues no los conminan a salir de vacaciones y con Ã©sto tendremos una tercera oleada de contagios mÃ¡s fuerte que las anteriores.","19.318042","-99.24800950000001","negativo"
"2021-03-23 14:36:54-06:00","AsÃ­ me regreso al trabajo, despuÃ©s de la vacaciÃ³n https://t.co/7OVL8ySd95","19.564587500000002","-99.269192","negativo"
"2021-03-23 14:41:57-06:00","SÃºper difÃ­cil y nefasto.. mejor digan q no quieren dar crÃ©ditos xq casualmente se les cae el sistema a las 12.30 pm.. ademas tienen 2 asesores para eso y encima se baÃ±a a tomar la Semana Santa de vacaciones! Really??","19.473793999999998","-99.310428","negativo"
"2021-03-23 14:59:32-06:00","#zipolite #gatell quÃ© me perdÃ­? ya se volviÃ³ a ir de vacaciones?? Ash y yo trabajando guardado en casa :(","19.199485","-99.208364","negativo"
"2021-03-23 17:43:52-06:00","@paginasmexicana @andresguzbj Difiero esta ocasiÃ³n, se ganan la vida. No igual a tener un vecino borracho, maestro, que cree que la cuarentena son vacaciones pagadas y aguantar sus fiestas hasta 2 veces por sem, todo el dÃ­a, y en ocasiones hasta las 5 am del dÃ­a sig. El 911 no responde o no llega la patrulla.","19.0322295","-98.1542665","negativo"
"2021-03-23 18:33:59-06:00","@dicesmx @HumbertoRenov47 @RockStroke Morena y sus partidos patiÃ±os, se van a ir de vacaciones al rancho del peje este 6 de junio 2021!!!","19.4299345","-99.2115105","neutro"
"2021-03-23 19:04:58-06:00","Dice nuestro GurÃº @HLGatell Que si salen a la playa de vacaciones, sea solo de dÃ­a porque en la noche, !el COCO COVID sale a atacar!","19.318042","-99.24800950000001","positivo"
"2021-03-23 19:36:23-06:00","Apenas 3 semanas de clases y ya quiero que llegue la semana de vacaciones, pero me van a extraer mis otras 2 muelas del juicio :'(","19.328383000000002","-99.15234000000001","negativo"
"2021-03-23 19:44:39-06:00","Mis papÃ¡s no entienden y quieren salir de vacaciones en Semana Santa ğŸ˜” La tercera ola estÃ¡ a la vuelta de la esquina ğŸ’€","19.6562895","-99.233657","negativo"
"2021-03-23 19:49:51-06:00","Unos dÃ­as mÃ¡s y yaaaa mis vacaciones ğŸ¥ºğŸ’šğŸ’š","19.236244499999998","-99.08179","positivo"
"2021-03-23 20:01:10-06:00","Parece el gerente general de una cadena hotelera anunciando disponibilidad ante la inminente temporada de vacaciones.","19.56828","-99.0444445","positivo"
"2021-03-23 20:01:46-06:00","Quien se queja porque no contesto los mensajes es porque no le han tocado vacaciones en mi chat","19.197795499999998","-98.2655115","negativo"
"2021-03-23 20:02:50-06:00","@JordanFactor Nunca se enfermÃ³ en vacaciones, punto para Ã©l.","19.0322295","-98.1542665","negativo"
"2021-03-23 20:04:00-06:00","Ya siento que tengo vacaciones, pero no me inviten a ninguna fiesta/peda porque no irÃ©ğŸ¤·ğŸ¼â€â™€ï¸  Primero la salud â˜ğŸ¼","19.2515305","-99.5799145","negativo"
"2021-03-23 20:19:22-06:00","@AntonioAttolini Jajaja jajajağŸ˜‚ğŸ˜€ğŸ˜‚ Gracias a ti todos los dÃ­as tienes trabajando en chinga a las hordas y granjas de trolls/bots emplead@$ de #Borolas u #OposicionMiserable desesperadamente del PRIANRD y sus compinches #PeriodismoBasura   @EnriqueAlfaroR  TodavÃ­a mÃ¡s vacaciones que vacunas.","19.328383000000002","-99.15234000000001","positivo"
"2021-03-23 20:24:16-06:00","Son mamadas ya casi son vacaciones y no he recuperado mi IG","19.4299345","-99.2115105","negativo"
"2021-03-23 22:18:41-06:00","Fotos de alberca... #granfindesemana #micumple #50aÃ±os #happybirthday #sol #alberca #cuernavaca #feliz #familia #descanso #vacaciones en Lomas de Cuernavaca. https://t.co/yDUtUd1tXd","18.87175367","-99.21649523","positivo"
"2021-03-23 22:21:23-06:00","Las vacaciones no es realizar una actividad esencial, por favor #QuedateEnTuCasa","19.0322295","-98.1542665","neutro"
"2021-03-23 22:35:10-06:00","RegresÃ© de vacaciones y me irÃ© a otras... Esto confirma lo de la verga que siento mi trabajo.","18.811717","-99.1828615","negativo"
"2021-03-23 23:01:51-06:00","TodavÃ­a no son tiempos de salir a vacaciones, hÃ¡ganlo por sus padres por sus hijos y por ustedes mismos.","18.886686500000003","-99.1686505","negativo"
"2021-03-23 23:17:26-06:00","MaÃ±ana nuevamente tengo certificaciÃ³n, y aparte de todo. Tengo que apurarme que me voy nuevamente de vacaciones ğŸ˜…ğŸ˜…ğŸ˜…","19.199485","-99.208364","negativo"
"2021-03-23 23:28:24-06:00","Saben hace casi aÃ±o y medio cambie de puesto de trabajo. Y antes era un pedo que me dieran vacaciones y ahora es bien fÃ¡cil... casi casi me dicen no pierdas tus dÃ­as ğŸ™Šâ¤ï¸","19.199485","-99.208364","negativo"
"2021-03-24 06:15:16-06:00","@ElOpinadorTV @imagenZea @ImagenTVMex En lo personal, he perdido la confianza en lo que nuestras autoridades recomiendan.  Ese decÃ¡logo y los datos que presentan dÃ­a con dÃ­a tendrÃ­an mayor validez, si ellos lo siguieran, siendo los primeros en poner el ejemplo. No voy a salir de vacaciones, tengo que trabajar.","19.0322295","-98.1542665","negativo"
"2021-03-24 06:20:22-06:00","@ElOpinadorTV @imagenZea @ImagenTVMex Hemos respetado las recomendaciones que ha hecho la ONU. Llevamos mÃ¡s d un aÃ±o d confinamiento sin  salir d vacaciones, solamente al trabajo y aÃºn asÃ­ nos contagiamos de COVID. Â¿Con quÃ© calidad moral salen con el dichoso decÃ¡logo si ellos son los primeros en no poner el ejemplo?","19.0322295","-98.1542665","neutro"
"2021-03-24 06:32:08-06:00","@_corn_pops @atameAti @EnriqueAlfaroR Pero ya se fue de vacaciones !!","19.236244499999998","-99.08179","negativo"
"2021-03-24 06:55:37-06:00","@lopezdoriga Con la pandemia, con sueldos a la mitad, no podemos salir de vacaciones.Tenemos que quedarnos en casa. Hay servicios que pagar, como luz, agua, gas, si no, nos lo cortan. Andamos con el cinturÃ³n apretado desde hace un aÃ±o. Salir de vacaciones, solo muy pocos afortunados.","20.130287","-98.3604","negativo"
"2021-03-24 07:24:29-06:00","@rochaperiodista Es el encargado del manejo de la pandemia, se fue de vacaciones en plena contingencia, no usa cubrebocas. Y apenas, siendo aÃºn positivo a covid, se le vio fuera de su casa, acompaÃ±ado y sin cubrebocas. Solo el MÃ©xico, el responsable de la pandemia no se quiere hacer responsable.","19.0322295","-98.1542665","neutro"
"2021-03-24 07:38:51-06:00","@AntonioAttolini Se te cayÃ³ este tweet... o sea quÃ© el encargado de manejar la pandemia en MÃ©xico si puede irse de vacaciones pero el gobernador no. https://t.co/GWqTsAtj70","19.432836","-99.153366","negativo"
"2021-03-24 07:39:27-06:00","Se te cayÃ³ este tweet... o sea quÃ© el encargado de manejar la pandemia en MÃ©xico si puede irse de vacaciones pero el gobernador no. https://t.co/TQyurYcSAm","19.432836","-99.153366","negativo"
"2021-03-24 07:47:04-06:00","Aviso: Las vacaciones de Semana Santa aÃºn no empiezan. Falta miÃ©rcoles, jueves y viernes.  Lo que no se haga en estos dÃ­as, se acumularÃ¡ para despuÃ©s.   NomÃ¡s digo.","19.318697","-99.30558049999999","negativo"
"2021-03-24 07:58:48-06:00","@julesgdl @saludjalisco Ãmonos de vacaciones dijo el gober","19.284321499999997","-99.655676","positivo"
"2021-03-24 08:56:37-06:00","Que pex con esas personas que piensan que si estÃ¡n haciendo  Home Office o Schooling Home es sinÃ³nimo de vacaciones y pueden llegar como sin nada Â¿si saben que aÃºn estando en casa tenemos rutinas y que es dÃ­a normal de trabajar y hacer deberes de la escuela? #VisitasIncomodas ğŸ¤¨","19.4260765","-98.1218485","negativo"
"2021-03-24 09:36:19-06:00","Todo mi equipo se va de vacaciones de semana santa menos yo por ser la nueva. ğŸ’”","19.328383000000002","-99.15234000000001","negativo"
"2021-03-24 11:13:59-06:00","Ãšltima semana para vacaciones y neta se me ha hecho eternaaaaaa.","19.380613","-99.1614805","negativo"
"2021-03-24 11:15:56-06:00","@El_Universal_Mx Que deben establecer bien la regla, porque son vacaciones y el ruido o mÃºsica no faltarÃ¡, veo mal en condominios pero en casa partircular no le veo el daÃ±o en horario prudente, mejor que multen a los miles de personajes que tiras su basura y cigarros ennla calle","19.473793999999998","-99.310428","negativo"
"2021-03-24 11:51:13-06:00","@EnriqueAlfaroR Pinche HUEVON! No hay agua ni seguridad y tu de vacaciones!","19.328383000000002","-99.15234000000001","negativo"
"2021-03-24 12:17:12-06:00","â˜€ï¸ğŸŒ´Banco plegable con hielera incluÃ­daâ„ï¸ğŸ¥¤. El compaÃ±ero perfecto para tus viajes, lo cargas como una mochila.  MÃ¡ndanos Inbox o Whatsapp para mayor informaciÃ³n â¬‡ï¸ ğŸ“²55-8096-0819  #vacaciones #semanasanta #verano #viaje #playa #jardin #alberca #mexico #cdmx #compra #innovaexpres https://t.co/78uxEsxLIu","19.380613","-99.1614805","positivo"
"2021-03-24 13:46:31-06:00","En esta semana de vacaciones intentarÃ© hacer una de estas cosas ğŸ¤ª","20.053718500000002","-98.7155595","neutro"
"2021-03-24 14:52:07-06:00","@lopezdoriga A los irresponsable y chayronacos ya les diÃ³ su manual el lordzipolite para estÃ¡s vacaciones chsyras!","18.939956000000002","-99.7992845","negativo"
"2021-03-24 15:29:36-06:00","Buenas noticias: el @TSJMorelosOf  solo descansarÃ¡ jueves y viernes santos. Nada de vacaciones por la pandemia de #COVID19 @ArenasTSJ @LuisGamboaolea @paredesenrique @gibranh @LDHMorelos https://t.co/xtKCgcbkWj","18.933812","-99.260819","positivo"
"2021-03-24 16:05:00-06:00","@saragalleta Es estrÃ©s, falta de sueÃ±o e hidrataciÃ³n. Vacaciones ya!! Jajaja","19.380613","-99.1614805","positivo"
"2021-03-24 16:38:32-06:00","Para estas vacaciones nos llego de todo un poco a sus Ã³rdenes para nuestros amigos y clientes!!! A sus Ã³rdenes ya en el local!!! en Quantum Hobbies https://t.co/CmmK7v9HTH","19.44782087","-99.15214044","positivo"
"2021-03-24 16:39:07-06:00","Para estas vacaciones nos llego de todo un poco a sus Ã³rdenes para nuestros amigos y clientes!!! A sus Ã³rdenes ya en el local!!! en Quantum Hobbies https://t.co/BYC90Jmt6B","19.44782087","-99.15214044","positivo"
"2021-03-24 16:39:54-06:00","Para estas vacaciones nos llego de todo un poco a sus Ã³rdenes para nuestros amigos y clientes!!! A sus Ã³rdenes ya en el local!!! en Quantum Hobbies https://t.co/qMOFLZSAq6","19.44782087","-99.15214044","positivo"
"2021-03-24 16:40:34-06:00","Para estas vacaciones nos llego de todo un poco a sus Ã³rdenes para nuestros amigos y clientes!!! A sus Ã³rdenes ya en el local!!! en Quantum Hobbies https://t.co/sWUHMiydC9","19.44782087","-99.15214044","positivo"
"2021-03-24 16:41:48-06:00","Para estas vacaciones nos llego de todo un poco a sus Ã³rdenes para nuestros amigos y clientes!!! A sus Ã³rdenes ya en el local!!! en Quantum Hobbies https://t.co/2crHlWUZFb","19.44782087","-99.15214044","positivo"
"2021-03-24 16:42:35-06:00","Para estas vacaciones nos llego de todo un poco a sus Ã³rdenes para nuestros amigos y clientes!!! A sus Ã³rdenes ya en el local!!! en Quantum Hobbies https://t.co/UMFflwKwyQ","19.44782087","-99.15214044","positivo"
"2021-03-24 16:43:41-06:00","Para estas vacaciones nos llego de todo un poco a sus Ã³rdenes para nuestros amigos y clientes!!! A sus Ã³rdenes ya en el local!!! en Quantum Hobbies https://t.co/otqqYJBxtC","19.44782087","-99.15214044","positivo"
"2021-03-24 17:35:07-06:00","Muy buenos lugares para ir a visitar en estÃ¡s vacaciones","19.432722","-99.01701650000001","positivo"
"2021-03-24 17:47:14-06:00","@andre4T1 Esas vacaciones de Semana Santa van a provocar una tercera ola, despuÃ©s no se quejen, entiendan, no es tiempo de viajar, esperen al prÃ³ximo aÃ±o, ya que todos estemos vacunados.","19.4299345","-99.2115105","negativo"
"2021-03-24 17:48:33-06:00","@lavirrey12 Eso me sorprende un poco, entonces prefieren pagarle mucho a troncos extranjeros que vienen de vacaciones? ğŸ¤¦ğŸ»â€â™‚ï¸","19.284321499999997","-99.655676","negativo"
"2021-03-24 19:01:20-06:00","Si, el manejo de la pandemia ha sido pobre, la informaciÃ³n contradictoria, las declaraciones de Gatell y de Obrador nefastas al igual q el ejemplo q dan con su comportamiento.  Pero nadie mas q tu tiene la decisiÃ³n de salir se a pasear, de vacaciones, de no tomar las medidas, etc","19.328383000000002","-99.15234000000001","negativo"
"2021-03-24 19:14:19-06:00","@swaneros @MIPserable Yo estoy a punto de salir a mis vacaciones ğŸ™ƒ but thanks!","19.435514","-99.082539","negativo"
"2021-03-24 19:21:18-06:00","PedÃ­ un dÃ­a de vacaciones para ir a las oficinas del SAT, Â¿quÃ© tan patÃ©tico es eso en la escala de la patÃ©tica adultez?","20.1056375","-98.77580800000001","negativo"
"2021-03-24 19:25:03-06:00","TÃ³malo en cuenta si te vas de vacaciones en Semana Santa","19.1193045","-98.26134149999999","negativo"
"2021-03-24 20:27:23-06:00","La otra semana es Semana Santa y yo aquÃ­ encerrada ğŸ¥º VALE VERGA LA VIDA!!! Y luego el profesor (de los miÃ©rcoles) quiere dar la clase en vacaciones ğŸ˜’ğŸ˜’","19.0322295","-98.1542665","negativo"
"2021-03-24 22:02:59-06:00","A un dÃ­a de vacaciones","19.284321499999997","-99.655676","negativo"
"2021-03-24 22:14:36-06:00","Vacaciones ?? ğŸ˜° ustedes tienen vacaciones ??ğŸ˜°","19.4857835","-99.18212600000001","negativo"
"2021-03-24 23:09:21-06:00","Vacaciones dÃ©jense caer","19.167622","-98.301574","negativo"
"2021-03-24 23:31:28-06:00","Ahorita lo Ãºnico que quiero es que sean vacaciones para largarme a Acapulco y no volver hasta que traiga un bronceado color carbÃ³n gg â¤ï¸â¤ï¸","19.380613","-99.1614805","negativo"
"2021-03-25 01:15:59-06:00","@CeIopata Vacaciones contigo Oye voy a ir a Saltillo","19.0322295","-98.1542665","positivo"
"2021-03-25 06:00:06-06:00","Puede que no te haga falta na Aparentemente na #Hawaii de vacaciones!   #TBT de mi viaje a #CancÃºnğŸ‡²ğŸ‡½ #MÃ©xicoLindoYQueridoğŸ‡²ğŸ‡½ en 2013. Buen parcheğŸš¤âš“ï¸ en Playa Del Carmen Quintana Roo https://t.co/TZtGAUx9b5","19.38374519","-99.165434","positivo"
"2021-03-25 06:50:21-06:00","Solo les vengo a recordar que ya casi se acaba la semanita y se vienen vacaciones. Ã‰xito en sus exÃ¡menes y tareas, amigosâœ¨ğŸ’•","19.0322295","-98.1542665","positivo"
"2021-03-25 07:15:50-06:00","@Lkesly @Fanysitaa @lisjimz Jajajajaja siii, estoy a nada de irme de vacaciones con un mocoso. ğŸ˜‚ğŸ˜‚","19.0322295","-98.1542665","positivo"
"2021-03-25 07:33:53-06:00","@germancavazos11 @LucaVillarrea12 @dabitobb @MaraEug82968907 @Teacher1Rosy @MONDONG0N @Yesus3000hotma1 @OATFerrini @ccadvocatus @abramartti @lenixsorzano @Yany_Marlene @mariarens1971 @ungeniodetales @NMGONZALEZL @AnglicaAMAR1 @tere27s @Giccelly @NoraGuillen63 @Richard96525425 @luz_arcia @MGraffe5 @diegonarriaga @HUGOVAZZG @kazitas78 @Melody30570617 @Alex_Sada1 @morozi @AgrioLomito @JoseGpeRodrig19 @Francis71579513 @DulakSaint @Grecko50184262 @gog_antonio @el_tecolotin @MarinHomerk @MiguelKhan_Mx @ricky_jc @SilesJuarez @guaggo21 @patytadeperro @talipurpura @america220475 @colibri_7630 @JusticieroLetal @AMONTALVO77 De nada amigo aunque me confundi de diağŸ¤¦â€â™€ï¸ğŸ¤¦â€â™€ï¸ğŸ¤¦â€â™€ï¸creo que me urgen unas vacaciones de 6 meses por lo menosğŸ˜‚ğŸ˜‚ğŸ˜‚","19.4299345","-99.2115105","neutro"
"2021-03-25 07:47:47-06:00","Mi mente ya estÃ¡ mÃ¡s enfocada en mis vacaciones de Semana Santa.","19.022994","-98.308599","negativo"
"2021-03-25 07:59:02-06:00","Buenos dÃ­as a todos!  Tengan un muy bien jueves. El mÃ­o empezÃ³ con unas mini vacaciones.  Que triste es ver gente que se siente superior desde sus privilegios. Si la educaciÃ³n no nos sirve para ser amables, de nada sirve.  #SeamosAmables","19.4320755","-99.087817","positivo"
"2021-03-25 08:20:07-06:00","Me urge la vacaciÃ³n (ya casiiiiii) https://t.co/2YUg2V7K86","19.380613","-99.1614805","indeterminado"
"2021-03-25 08:46:47-06:00","Merezco menos estrÃ©s y mÃ¡s vacaciones como dice @_elan_ â˜ºï¸","19.380613","-99.1614805","positivo"
"2021-03-25 08:55:04-06:00","Soy una papa!!! #potato #blindinglights #vacaciones en Ecatepec de Morelos https://t.co/ZeTlmqdVsk","19.5661","-99.0451","positivo"
"2021-03-25 09:00:22-06:00","@afuentese Habemos muchas y muchos para quienes nnuestra prioridad es la salud y la vida, no la vacaciÃ³n.  ğŸ¤—ğŸ‘‹","19.380613","-99.1614805","positivo"
"2021-03-25 09:12:42-06:00","Hoy llegÃ³ mi pago de la #UNAM con mi bono de vacaciones, aunque estÃ© semestre doy mÃ¡s horas que el semestre pasado me siguen pagando igual, dicen que me pagarÃ¡n las horas faltantes, pero si el prÃ³ximo semestre no me contestan porque soy porfesor de asignatura... ğŸ¤·ğŸ¾â€â™‚ï¸ğŸ¤·ğŸ¾â€â™‚ï¸ğŸ¤·ğŸ¾â€â™‚ï¸ https://t.co/Cr9aAuHmIA","19.0322295","-98.1542665","negativo"
"2021-03-25 09:25:05-06:00","Mi Ãºnica motivaciÃ³n para levantarme hoy fue que hay consejo universitario y que faltan solo dos dÃ­as para las vacaciones de Semana Santa.","19.4299345","-99.2115105","positivo"
"2021-03-25 09:28:09-06:00","Hoy llegÃ³ mi pago de la @UNAM_MX con mi bono de vacaciones. Este semestre doy mÃ¡s horas que el pasado y me siguen pagando igual, dicen que me pagarÃ¡n las horas faltantes, pero si el prÃ³ximo semestre no me contratan porque soy porfesor de asignatura... #UNAMpagaYA https://t.co/gkehNKsNbt","19.0322295","-98.1542665","negativo"
"2021-03-25 09:55:22-06:00","Acapulco ! A donde ir en estas vacaciones   Acapulco Playa Palmitas https://t.co/SmhVEZuudr   #FelizJueves #dianaranja #FilmOut #FilmOutbyBTS #KornoParaElCorazon #EsDeNeros #meenamorancon excelente jueves #TeamGodzilla #TeamKong #Jalisco #CDMX #acapulco #playa #SemanaSanta2021 https://t.co/hOEkgKInxr","19.380613","-99.1614805","positivo"
"2021-03-25 10:44:50-06:00","Â¿CuÃ¡l es el punto de tener vacaciones si me van a dejar tarea?","19.0322295","-98.1542665","negativo"
"2021-03-25 11:16:53-06:00","- Hay un relajo en Cuernavaca por temas de vacaciones contra el COVID-19. https://t.co/IUFg14MoDP","18.933812","-99.260819","neutro"
"2021-03-25 13:37:45-06:00","Ya no es como antes, que te invitaban de vacaciones y te decÃ­an no hay pedo yo pago o el tÃ­pico acÃ¡ vemos cÃ³mo le hacemos.  Se han perdido los valores ğŸ˜­ğŸ˜­ğŸ˜­","19.0322295","-98.1542665","negativo"
"2021-03-25 14:22:18-06:00","Pandemia, mucha gente sin empleo, sin dinero, cerraron sus negocios,,, y entonces??? El aeropuerto de la ciudad de MÃ©xico atascado para salir de vacaciones, hay dinero o no???","19.432836","-99.153366","negativo"
"2021-03-25 14:39:51-06:00","Mi jefe se va de vacaciones ğŸ‰ğŸ‰ğŸ‰ğŸ‰ğŸ‰ğŸ™ŒğŸ™ŒğŸ™Œ. #relax","19.713749","-99.30857649999999","indeterminado"
"2021-03-25 15:02:46-06:00","https://t.co/tQF4DeYvNA Ya se parecen a los mexicanitos que buscan  cualquier pretexto para seguir gozando de vacaciones pagadas","19.328383000000002","-99.15234000000001","negativo"
"2021-03-25 15:22:53-06:00","Por si ocupan por aquello de la vacaciÃ³n #cuaresma #acupulco en @azoteadelbarrio en La Azotea https://t.co/cNGwAyYXQx","19.43613","-99.1461099","neutro"
"2021-03-25 15:31:41-06:00","Voy viendo que tengo vacaciones justo en el inicio de las campaÃ±as electorales","19.342788499999997","-99.050461","positivo"
"2021-03-25 15:33:43-06:00","@LaChinatriple TE FALTAN VACACIONES....  BUENO PERO NO POR AHORA.. !!!!","19.199485","-99.208364","neutro"
"2021-03-25 15:39:17-06:00","Ya huele a vacaciones y si no hueles, quÃ©date en tu pinche casa HDTPğŸ™„ğŸ¤¬ğŸ¤¬ğŸ¤¬ #SemanaSanta","19.342788499999997","-99.050461","negativo"
"2021-03-25 15:48:41-06:00","@JiyermeGaF Y que tiene, y que tiene? Yo quiero volver a ir, deje de estar de quejumbrosa seÃ±ora ya leÃ­ que saliÃ³ de vacaciones vaya a disfrutarlas. https://t.co/takLgRWLWu","19.6302155","-99.130628","positivo"
"2021-03-25 16:57:06-06:00","@LuviaGraham Dios es grande y amoroso pero la desobediencia no le es grata. Si preferimos ir de vacaciones en lugar de reflexionar sobre el sentido de su muerte en la Cruz la tercera ola serÃ¡ inminente y grave.","19.284321499999997","-99.655676","positivo"
"2021-03-25 16:57:50-06:00","@sirius_efra De vacaciones ajsjs","19.4320755","-99.087817","indeterminado"
"2021-03-25 17:54:11-06:00","Dos dÃ­as para salir a vacaciones.","19.4299345","-99.2115105","positivo"
"2021-03-25 17:55:08-06:00","Dos dÃ­as hÃ¡biles para salir a vacaciones.  Las necesito!!!!","19.4299345","-99.2115105","positivo"
"2021-03-25 19:24:51-06:00","Como sino tuviera muchas cosas que hacer el hijo de la verga todavÃ­a sube mÃ¡s tareas  para vacaciones  y son a mano...  No mame profe, no estamos en la primaria, algunos ya trabajamos ğŸ˜’","19.0322295","-98.1542665","negativo"
